mutation	nitrogen_source	sample1	sample2	r1_mean	r2_mean	r_wt_p_value	r_aov_p_value	auc1_mean	auc2_mean	auc_wt_p_value	auc_aov_p_value	num_rep
nasD_knockout	Acetamide	nasD_knockout	JE2_control	0.332638334437988	0.327629084884286	0.2	0.6904736299636	7017.54258155264	7294.6961712858	0.95	0.0669135355103146	3
ureG_knockout	Acetamide	ureG_knockout	spa_knockout	0.395331344003938	0.353395948858215	0.1	0.0625531812812401	7022.77254326398	7258.11215708985	0.9	0.348504036612404	3
ureG_knockout	Acetamide	ureG_knockout	JE2_control	0.395331344003938	0.327629084884286	0.05	0.00652378167391157	7022.77254326398	7294.6961712858	0.9	0.156524427049733	3
nasD_knockout	Adenine	nasD_knockout	spa_knockout	0.331924650943906	0.344722135575565	0.9	0.466515513234999	4816.01574245639	4571.98607847892	0.35	0.582476831387275	3
nasD_knockout	Adenine	nasD_knockout	JE2_control	0.331924650943906	0.36698029706961	1	0.0304376108145032	4816.01574245639	5215.37654414792	0.8	0.460809888144885	3
ureG_knockout	Adenine	ureG_knockout	spa_knockout	0.341105846494486	0.344722135575565	0.5	0.881389459277672	4600.36419079493	4571.98607847892	0.5	0.952716210496994	3
ureG_knockout	Adenine	ureG_knockout	JE2_control	0.341105846494486	0.36698029706961	0.9	0.254073295583076	4600.36419079493	5215.37654414792	0.9	0.306313270506764	3
nasD_knockout	Adenosine	nasD_knockout	spa_knockout	0.290971922778292	0.283101066535765	0.5	0.57501509603196	5113.80642675872	4916.92066466938	0.35	0.634816861791435	3
nasD_knockout	Adenosine	nasD_knockout	JE2_control	0.290971922778292	0.263855934994761	0.1	0.288594116579731	5113.80642675872	5204.88075616564	0.65	0.873753012618623	3
ureG_knockout	Adenosine	ureG_knockout	spa_knockout	0.322901870830978	0.283101066535765	0.05	0.100412050911467	5049.93532671413	4916.92066466938	0.5	0.743718393378424	3
ureG_knockout	Adenosine	ureG_knockout	JE2_control	0.322901870830978	0.263855934994761	0.05	0.0854740816333693	5049.93532671413	5204.88075616564	0.65	0.786504088584348	3
nasD_knockout	Agmatine	nasD_knockout	spa_knockout	0.447811441835579	0.461485292132567	0.65	0.793037185990034	3631.61941549689	3334.79083608794	0.35	0.455579211319603	3
nasD_knockout	Agmatine	nasD_knockout	JE2_control	0.447811441835579	0.426191478710839	0.5	0.683642277969826	3631.61941549689	3577.88723229271	0.5	0.881084930807287	3
ureG_knockout	Agmatine	ureG_knockout	spa_knockout	0.459869556680044	0.461485292132567	0.65	0.969283123911871	3337.86621833995	3334.79083608794	0.65	0.995204715807446	3
ureG_knockout	Agmatine	ureG_knockout	JE2_control	0.459869556680044	0.426191478710839	0.2	0.448334954559009	3337.86621833995	3577.88723229271	0.8	0.632510451749801	3
nasD_knockout	Ala-Asp	nasD_knockout	spa_knockout	0.349630639883446	0.317921925007525	0.5	0.532288920900951	4681.73174822604	4627.85118895154	0.5	0.828974983090884	3
nasD_knockout	Ala-Asp	nasD_knockout	JE2_control	0.349630639883446	0.374968491834501	0.8	0.609905879511723	4681.73174822604	5342.31702743545	1	0.0277427002713573	3
ureG_knockout	Ala-Asp	ureG_knockout	spa_knockout	0.394560925459025	0.317921925007525	0.05	0.0246308382193039	4680.02186984322	4627.85118895154	0.5	0.870157012217021	3
ureG_knockout	Ala-Asp	ureG_knockout	JE2_control	0.394560925459025	0.374968491834501	0.2	0.393551766007267	4680.02186984322	5342.31702743545	1	0.0706253908025729	3
nasD_knockout	Ala-Gln	nasD_knockout	spa_knockout	0.264783473439803	0.259364863249563	0.2	0.315272296820137	6020.99868025159	6021.70731450131	0.35	0.997305207556387	3
nasD_knockout	Ala-Gln	nasD_knockout	JE2_control	0.264783473439803	0.253314156550894	0.05	0.0504000974454536	6020.99868025159	6310.72406155869	0.9	0.281058092072339	3
ureG_knockout	Ala-Gln	ureG_knockout	spa_knockout	0.316534897967085	0.259364863249563	0.05	0.00310679129996288	5406.87202416204	6021.70731450131	1	0.0140904357751139	3
ureG_knockout	Ala-Gln	ureG_knockout	JE2_control	0.316534897967085	0.253314156550894	0.05	0.00188580765374614	5406.87202416204	6310.72406155869	1	0.00933501209070573	3
nasD_knockout	Ala-Glu	nasD_knockout	spa_knockout	0.30702716827297	0.319486916741043	0.95	0.176158499875967	7103.15632949127	7024.26349528765	0.35	0.77046445205143	3
nasD_knockout	Ala-Glu	nasD_knockout	JE2_control	0.30702716827297	0.317594081151855	0.9	0.128964072716545	7103.15632949127	7389.24227791572	0.9	0.349660196989473	3
ureG_knockout	Ala-Glu	ureG_knockout	spa_knockout	0.341605794583335	0.319486916741043	0.05	0.130982238299117	7314.02768933565	7024.26349528765	0.2	0.247354158189529	3
ureG_knockout	Ala-Glu	ureG_knockout	JE2_control	0.341605794583335	0.317594081151855	0.05	0.0831691553227035	7314.02768933565	7389.24227791572	0.5	0.764672011111404	3
nasD_knockout	Ala-Gly	nasD_knockout	spa_knockout	0.560377361362771	0.591306578770465	0.8	0.396939486095501	5336.8408519077	5448.86955466233	0.65	0.566905688864651	3
nasD_knockout	Ala-Gly	nasD_knockout	JE2_control	0.560377361362771	0.616330295903896	1	0.0208239826061655	5336.8408519077	5941.28701828235	1	0.0860008941371004	3
ureG_knockout	Ala-Gly	ureG_knockout	spa_knockout	0.571912491068805	0.591306578770465	0.8	0.612853102341818	5372.59810500217	5448.86955466233	0.65	0.641767166829319	3
ureG_knockout	Ala-Gly	ureG_knockout	JE2_control	0.571912491068805	0.616330295903896	0.95	0.0950208846638559	5372.59810500217	5941.28701828235	1	0.0841077515295909	3
nasD_knockout	Ala-His	nasD_knockout	spa_knockout	0.286100393005295	0.275372935784089	0.2	0.467661954664655	3703.95487626449	3426.03697982904	0.05	0.106958614453406	3
nasD_knockout	Ala-His	nasD_knockout	JE2_control	0.286100393005295	0.270424092603159	0.2	0.326729957871947	3703.95487626449	3604.03544201377	0.5	0.560650055006951	3
ureG_knockout	Ala-His	ureG_knockout	spa_knockout	0.270994430479693	0.275372935784089	0.5	0.687334280720861	3151.22472000902	3426.03697982904	0.95	0.135875500683128	3
ureG_knockout	Ala-His	ureG_knockout	JE2_control	0.270994430479693	0.270424092603159	0.8	0.961023889305031	3151.22472000902	3604.03544201377	1	0.0554237027122941	3
nasD_knockout	Ala-Leu	nasD_knockout	spa_knockout	0.283341073170509	0.256234893254521	0.2	0.281288826000459	3992.08416880942	3748.37361017349	0.5	0.546965218308009	3
nasD_knockout	Ala-Leu	nasD_knockout	JE2_control	0.283341073170509	0.241721839634168	0.35	0.404090410149591	3992.08416880942	3879.8005869682	0.5	0.69184650660404	3
ureG_knockout	Ala-Leu	ureG_knockout	spa_knockout	0.287603433895887	0.256234893254521	0.1	0.145501379471526	3704.39914905652	3748.37361017349	0.5	0.932942222569674	3
ureG_knockout	Ala-Leu	ureG_knockout	JE2_control	0.287603433895887	0.241721839634168	0.2	0.342921664954658	3704.39914905652	3879.8005869682	0.8	0.694867202079376	3
nasD_knockout	Ala-Thr	nasD_knockout	spa_knockout	0.4747165885693	0.457740991792425	0.65	0.722359202863694	5171.77622728445	4572.72958516964	0.2	0.303960384722123	3
nasD_knockout	Ala-Thr	nasD_knockout	JE2_control	0.4747165885693	0.451554971238417	0.35	0.654232546416466	5171.77622728445	4889.27582027512	0.5	0.598016975190634	3
ureG_knockout	Ala-Thr	ureG_knockout	spa_knockout	0.470642257546798	0.457740991792425	0.5	0.680608418488709	4422.78425812111	4572.72958516964	0.8	0.773471662754849	3
ureG_knockout	Ala-Thr	ureG_knockout	JE2_control	0.470642257546798	0.451554971238417	0.35	0.60566593676649	4422.78425812111	4889.27582027512	0.9	0.378807097327823	3
nasD_knockout	Allantoin	nasD_knockout	spa_knockout	0.37301315691383	0.379882614244894	0.65	0.588163411139867	7057.30163907244	7007.07426824273	0.5	0.807746976741415	3
nasD_knockout	Allantoin	nasD_knockout	JE2_control	0.37301315691383	0.358982725381893	0.2	0.444431432525073	7057.30163907244	7323.97537373244	0.9	0.339680061078565	3
ureG_knockout	Allantoin	ureG_knockout	spa_knockout	0.405689666111474	0.379882614244894	0.1	0.111112147723707	6583.02589962974	7007.07426824273	0.8	0.380659035033999	3
ureG_knockout	Allantoin	ureG_knockout	JE2_control	0.405689666111474	0.358982725381893	0.05	0.0537222369610667	6583.02589962974	7323.97537373244	0.9	0.180263241420433	3
nasD_knockout	Alloxan	nasD_knockout	spa_knockout	0.331443457422488	0.34422718197086	0.9	0.36422742789084	6110.05702037144	6049.72183364733	0.2	0.706849912495905	3
nasD_knockout	Alloxan	nasD_knockout	JE2_control	0.331443457422488	0.331245980974063	0.5	0.987727003017283	6110.05702037144	6321.02935079157	0.65	0.499295810256498	3
ureG_knockout	Alloxan	ureG_knockout	spa_knockout	0.374078146961212	0.34422718197086	0.05	0.0307090725342833	6031.48798909966	6049.72183364733	0.65	0.932683991044736	3
ureG_knockout	Alloxan	ureG_knockout	JE2_control	0.374078146961212	0.331245980974063	0.05	0.00734683453155569	6031.48798909966	6321.02935079157	0.9	0.410987833633204	3
nasD_knockout	Ammonia	nasD_knockout	spa_knockout	0.382401346295229	0.360023168840317	0.1	0.185680733166575	5828.91979494285	6013.57668364418	0.9	0.389210096264758	3
nasD_knockout	Ammonia	nasD_knockout	JE2_control	0.382401346295229	0.325881128642209	0.05	0.0443169450950135	5828.91979494285	6683.48468867123	1	0.0336808832462421	3
ureG_knockout	Ammonia	ureG_knockout	spa_knockout	0.344855859595414	0.360023168840317	0.9	0.331447996794122	5767.18972973277	6013.57668364418	0.95	0.204784584285677	3
ureG_knockout	Ammonia	ureG_knockout	JE2_control	0.344855859595414	0.325881128642209	0.35	0.38157269768189	5767.18972973277	6683.48468867123	1	0.0213797712570778	3
nasD_knockout	Biure	nasD_knockout	spa_knockout	0.248778814887222	0.261847908296608	0.9	0.407915203813608	4068.75874810422	4071.50639032453	0.35	0.991406421305829	3
nasD_knockout	Biure	nasD_knockout	JE2_control	0.248778814887222	0.229968338781498	0.2	0.424409779225629	4068.75874810422	4444.21454478094	0.9	0.288112922720762	3
ureG_knockout	Biure	ureG_knockout	spa_knockout	0.256798975658752	0.261847908296608	0.8	0.725272015608204	4017.28166252824	4071.50639032453	0.5	0.851536746791762	3
ureG_knockout	Biure	ureG_knockout	JE2_control	0.256798975658752	0.229968338781498	0.1	0.264029273178167	4017.28166252824	4444.21454478094	0.9	0.268180583519705	3
nasD_knockout	Cytidine	nasD_knockout	spa_knockout	0.284530106683947	0.293075316883184	0.9	0.222472493304437	6458.90951449834	6420.29168361776	0.5	0.75312499314331	3
nasD_knockout	Cytidine	nasD_knockout	JE2_control	0.284530106683947	0.293574714851287	1	0.0680734075428504	6458.90951449834	6646.60207676988	0.95	0.238316750891981	3
ureG_knockout	Cytidine	ureG_knockout	spa_knockout	0.310539339812683	0.293075316883184	0.1	0.0705006906609966	6117.40978511018	6420.29168361776	0.8	0.305317806344804	3
ureG_knockout	Cytidine	ureG_knockout	JE2_control	0.310539339812683	0.293574714851287	0.05	0.0346102165013485	6117.40978511018	6646.60207676988	0.95	0.119349277838607	3
nasD_knockout	Cytosine	nasD_knockout	spa_knockout	0.332337485651836	0.326786136579269	0.5	0.658295416904231	6696.26627841855	6559.28736558789	0.5	0.698527698684381	3
nasD_knockout	Cytosine	nasD_knockout	JE2_control	0.332337485651836	0.310531297941691	0.1	0.185163393287597	6696.26627841855	6787.39291721844	0.65	0.824465612443695	3
ureG_knockout	Cytosine	ureG_knockout	spa_knockout	0.342980445165511	0.326786136579269	0.35	0.425685838495344	6280.18584506824	6559.28736558789	0.8	0.593674235377764	3
ureG_knockout	Cytosine	ureG_knockout	JE2_control	0.342980445165511	0.310531297941691	0.1	0.173391898872466	6280.18584506824	6787.39291721844	0.8	0.386099394639907	3
nasD_knockout	D-Alanine	nasD_knockout	spa_knockout	0.319127454677989	0.34222583818673	0.95	0.1214303737772	5901.3529002157	6208.87994663278	0.8	0.373844426611554	3
nasD_knockout	D-Alanine	nasD_knockout	JE2_control	0.319127454677989	0.330218381829259	0.9	0.262376525830802	5901.3529002157	6173.22111170157	0.8	0.406915049180052	3
ureG_knockout	D-Alanine	ureG_knockout	spa_knockout	0.372860757636392	0.34222583818673	0.1	0.117260435018051	5765.76824337652	6208.87994663278	0.9	0.282993877419861	3
ureG_knockout	D-Alanine	ureG_knockout	JE2_control	0.372860757636392	0.330218381829259	0.05	0.030855888437513	5765.76824337652	6173.22111170157	0.8	0.303895943450864	3
nasD_knockout	D-Asparagine	nasD_knockout	spa_knockout	0.331345438110192	0.340108804162124	0.8	0.323967644316071	5917.03866725164	6084.04721168591	0.9	0.309988532719633	3
nasD_knockout	D-Asparagine	nasD_knockout	JE2_control	0.331345438110192	0.339597345354994	0.95	0.175038290772984	5917.03866725164	6278.82722879126	1	0.0570380106503635	3
ureG_knockout	D-Asparagine	ureG_knockout	spa_knockout	0.393726980373402	0.340108804162124	0.05	0.00712430318674976	5853.77454865752	6084.04721168591	0.9	0.315254205494939	3
ureG_knockout	D-Asparagine	ureG_knockout	JE2_control	0.393726980373402	0.339597345354994	0.05	0.00343208363387615	5853.77454865752	6278.82722879126	0.95	0.095520851713997	3
nasD_knockout	D-Aspartic_Acid	nasD_knockout	spa_knockout	0.287595461871623	0.304330224639794	0.9	0.368905654983529	5662.59181576457	5831.70048498621	0.8	0.50825689871331	3
nasD_knockout	D-Aspartic_Acid	nasD_knockout	JE2_control	0.287595461871623	0.281382666908533	0.35	0.486365989218299	5662.59181576457	5918.26122063405	0.9	0.243008767561425	3
ureG_knockout	D-Aspartic_Acid	ureG_knockout	spa_knockout	0.32111187305622	0.304330224639794	0.2	0.391892613276675	5662.38310878803	5831.70048498621	0.8	0.525962249386413	3
ureG_knockout	D-Aspartic_Acid	ureG_knockout	JE2_control	0.32111187305622	0.281382666908533	0.05	0.016068885573723	5662.38310878803	5918.26122063405	0.9	0.270646525991755	3
nasD_knockout	D-Galactosamine	nasD_knockout	spa_knockout	0.351009294613376	0.388880216433927	0.9	0.270482938374725	8174.90445893944	8029.90113766599	0.2	0.493734697910944	3
nasD_knockout	D-Galactosamine	nasD_knockout	JE2_control	0.351009294613376	0.388325675647585	0.9	0.179415441995496	8174.90445893944	8334.03019481156	0.8	0.4993765931703	3
ureG_knockout	D-Galactosamine	ureG_knockout	spa_knockout	0.485417761426428	0.388880216433927	0.05	0.0225076995590713	8068.03889130169	8029.90113766599	0.5	0.885831044782713	3
ureG_knockout	D-Galactosamine	ureG_knockout	JE2_control	0.485417761426428	0.388325675647585	0.05	0.00699151869233532	8068.03889130169	8334.03019481156	0.9	0.374706228224382	3
nasD_knockout	D-Glucosamine	nasD_knockout	spa_knockout	0.305594915469048	0.337089345055205	0.9	0.15711218147567	7827.43077935253	7752.1956508265	0.5	0.692091085005511	3
nasD_knockout	D-Glucosamine	nasD_knockout	JE2_control	0.305594915469048	0.328982666043568	0.9	0.172305805700237	7827.43077935253	8121.11804760566	0.9	0.102676996696554	3
ureG_knockout	D-Glucosamine	ureG_knockout	spa_knockout	0.402180464498434	0.337089345055205	0.05	0.0299229866452294	7730.24411671985	7752.1956508265	0.65	0.947338156823883	3
ureG_knockout	D-Glucosamine	ureG_knockout	JE2_control	0.402180464498434	0.328982666043568	0.05	0.0104557120354283	7730.24411671985	8121.11804760566	0.8	0.252813738361602	3
nasD_knockout	D-Glutamic_Acid	nasD_knockout	spa_knockout	0.29431280174598	0.311149309076899	1	0.0409292053040278	6378.41973684695	6436.36744456043	0.5	0.821756087042712	3
nasD_knockout	D-Glutamic_Acid	nasD_knockout	JE2_control	0.29431280174598	0.308306478205328	1	0.0408206751697393	6378.41973684695	6568.77584865669	0.8	0.458423984226873	3
ureG_knockout	D-Glutamic_Acid	ureG_knockout	spa_knockout	0.339420484177186	0.311149309076899	0.05	0.00860819474850765	6335.39028752188	6436.36744456043	0.65	0.746733487229845	3
ureG_knockout	D-Glutamic_Acid	ureG_knockout	JE2_control	0.339420484177186	0.308306478205328	0.05	0.00331033069703537	6335.39028752188	6568.77584865669	0.8	0.458310712606147	3
nasD_knockout	D-Lysine	nasD_knockout	spa_knockout	0.32850975241709	0.34618745451242	0.95	0.196212270689902	6628.74703660636	6712.56150766718	0.8	0.766644080202137	3
nasD_knockout	D-Lysine	nasD_knockout	JE2_control	0.32850975241709	0.330815405091909	0.65	0.90507990769426	6628.74703660636	7005.73767548876	0.95	0.151328331304982	3
ureG_knockout	D-Lysine	ureG_knockout	spa_knockout	0.36194241709759	0.34618745451242	0.2	0.303256838575829	6665.1770649266	6712.56150766718	0.5	0.903424400192232	3
ureG_knockout	D-Lysine	ureG_knockout	JE2_control	0.36194241709759	0.330815405091909	0.1	0.184474638510575	6665.1770649266	7005.73767548876	0.9	0.36289849487038	3
nasD_knockout	D-Mannosamine	nasD_knockout	spa_knockout	0.429785907458651	0.457685130198018	0.8	0.3258567770261	8668.01672007624	8535.84246293979	0.35	0.605069920827492	3
nasD_knockout	D-Mannosamine	nasD_knockout	JE2_control	0.429785907458651	0.476084116193199	0.95	0.0924424157902808	8668.01672007624	8961.71594103908	0.9	0.413010839794914	3
ureG_knockout	D-Mannosamine	ureG_knockout	spa_knockout	0.556866183051656	0.457685130198018	0.05	0.0195263870588228	8703.70547015073	8535.84246293979	0.5	0.642115718296164	3
ureG_knockout	D-Mannosamine	ureG_knockout	JE2_control	0.556866183051656	0.476084116193199	0.05	0.0232776782881638	8703.70547015073	8961.71594103908	0.8	0.553793262126034	3
nasD_knockout	D-Serine	nasD_knockout	spa_knockout	0.336444675550924	0.368466828593605	0.95	0.151209669841881	5617.8223491515	5929.75501677556	0.9	0.225907287009381	3
nasD_knockout	D-Serine	nasD_knockout	JE2_control	0.336444675550924	0.356076877409365	0.9	0.21994322614631	5617.8223491515	6470.94639936006	1	0.045453089239049	3
ureG_knockout	D-Serine	ureG_knockout	spa_knockout	0.412559071931269	0.368466828593605	0.2	0.169186761001673	5074.42181293222	5929.75501677556	0.95	0.114075925540548	3
ureG_knockout	D-Serine	ureG_knockout	JE2_control	0.412559071931269	0.356076877409365	0.05	0.0734179647057923	5074.42181293222	6470.94639936006	1	0.0410779063508958	3
nasD_knockout	D-Valine	nasD_knockout	spa_knockout	0.297023439853273	0.302662931570216	0.8	0.589776581796113	6991.63975166405	7111.54289245956	0.8	0.512886548755778	3
nasD_knockout	D-Valine	nasD_knockout	JE2_control	0.297023439853273	0.305413269364085	0.8	0.521550376874134	6991.63975166405	7470.94362067404	1	0.00683471423671321	3
ureG_knockout	D-Valine	ureG_knockout	spa_knockout	0.360895772691407	0.302662931570216	0.05	0.00318863791980256	6877.66829515547	7111.54289245956	0.8	0.437050433831298	3
ureG_knockout	D-Valine	ureG_knockout	JE2_control	0.360895772691407	0.305413269364085	0.05	0.00877927568560041	6877.66829515547	7470.94362067404	1	0.06358299120145	3
nasD_knockout	D,L-Lactamide	nasD_knockout	spa_knockout	0.350627896745526	0.39391058131058	0.95	0.121400724759126	7696.07210783749	7873.99853051226	0.8	0.330005711599992	3
nasD_knockout	D,L-Lactamide	nasD_knockout	JE2_control	0.350627896745526	0.393900907467283	0.95	0.0816820580965705	7696.07210783749	8120.25398838607	1	0.0166601971674128	3
ureG_knockout	D,L-Lactamide	ureG_knockout	spa_knockout	0.502147007242279	0.39391058131058	0.05	0.00519666318161534	7756.01511563591	7873.99853051226	0.8	0.703155383956028	3
ureG_knockout	D,L-Lactamide	ureG_knockout	JE2_control	0.502147007242279	0.393900907467283	0.05	0.00228677711510469	7756.01511563591	8120.25398838607	0.8	0.236955176708462	3
nasD_knockout	D,L-α-Amino-Caprylic_Acid	nasD_knockout	spa_knockout	0.706239667036213	0.504942222391389	0.1	0.0653418080106694	3057.67282754087	3081.2237504033	0.8	0.975247502178166	3
nasD_knockout	D,L-α-Amino-Caprylic_Acid	nasD_knockout	JE2_control	0.706239667036213	0.744778154987659	0.8	0.865369375053595	3057.67282754087	3990.6415004175	0.9	0.348169851962702	3
ureG_knockout	D,L-α-Amino-Caprylic_Acid	ureG_knockout	spa_knockout	0.696141433255128	0.504942222391389	0.1	0.0738081158734403	2489.87410788687	3081.2237504033	0.95	0.117212249915529	3
ureG_knockout	D,L-α-Amino-Caprylic_Acid	ureG_knockout	JE2_control	0.696141433255128	0.744778154987659	0.8	0.830641297977732	2489.87410788687	3990.6415004175	1	0.0644929015218356	3
nasD_knockout	D,L-α-Amino-N-Butyric_Acid	nasD_knockout	spa_knockout	0.484294277322623	0.517886634155341	1	0.196044397654242	6242.15838401737	6666.19158315615	0.95	0.0918744178615572	3
nasD_knockout	D,L-α-Amino-N-Butyric_Acid	nasD_knockout	JE2_control	0.484294277322623	0.551044577473668	1	0.0164158192573198	6242.15838401737	7055.88840097004	1	0.0031729709437966	3
ureG_knockout	D,L-α-Amino-N-Butyric_Acid	ureG_knockout	spa_knockout	0.679935416907217	0.517886634155341	0.05	0.00432107960662566	7096.08921927763	6666.19158315615	0.1	0.144507268165348	3
ureG_knockout	D,L-α-Amino-N-Butyric_Acid	ureG_knockout	JE2_control	0.679935416907217	0.551044577473668	0.05	0.00597355722924179	7096.08921927763	7055.88840097004	0.5	0.842529385791844	3
nasD_knockout	Ethanolamine	nasD_knockout	spa_knockout	0.328435145877892	0.35161112880612	0.9	0.308851328168914	7294.40759831592	7149.46798044657	0.35	0.518596710215071	3
nasD_knockout	Ethanolamine	nasD_knockout	JE2_control	0.328435145877892	0.347625049994844	0.9	0.333596906610787	7294.40759831592	7509.21519137216	0.9	0.308923181389167	3
ureG_knockout	Ethanolamine	ureG_knockout	spa_knockout	0.381952065716987	0.35161112880612	0.05	0.0868442366419268	7003.82178144225	7149.46798044657	0.65	0.680404088369933	3
ureG_knockout	Ethanolamine	ureG_knockout	JE2_control	0.381952065716987	0.347625049994844	0.05	0.0222513006216876	7003.82178144225	7509.21519137216	0.95	0.18505034112225	3
nasD_knockout	Ethylamine	nasD_knockout	spa_knockout	0.324595665246153	0.35136762872414	0.95	0.116885754178762	7298.53284583675	7270.64441826904	0.8	0.876915440368469	3
nasD_knockout	Ethylamine	nasD_knockout	JE2_control	0.324595665246153	0.340792804689547	0.9	0.300930937209077	7298.53284583675	7465.51645739861	0.8	0.367096083179681	3
ureG_knockout	Ethylamine	ureG_knockout	spa_knockout	0.397508213860947	0.35136762872414	0.05	0.0285043392929796	6886.38107757036	7270.64441826904	0.8	0.40176269941493	3
ureG_knockout	Ethylamine	ureG_knockout	JE2_control	0.397508213860947	0.340792804689547	0.05	0.0153860809299781	6886.38107757036	7465.51645739861	0.9	0.228943821993212	3
nasD_knockout	Ethylenediamine	nasD_knockout	spa_knockout	0.345919357558456	0.37045932053853	0.9	0.390641985178177	6436.33686627279	6338.83484102133	0.5	0.695336513332388	3
nasD_knockout	Ethylenediamine	nasD_knockout	JE2_control	0.345919357558456	0.358939296918937	0.9	0.585993063209638	6436.33686627279	6548.91374530837	0.8	0.797185442488136	3
ureG_knockout	Ethylenediamine	ureG_knockout	spa_knockout	0.38345819042835	0.37045932053853	0.35	0.560671053802297	6441.24130937232	6338.83484102133	0.5	0.762457389768873	3
ureG_knockout	Ethylenediamine	ureG_knockout	JE2_control	0.38345819042835	0.358939296918937	0.2	0.198858998910234	6441.24130937232	6548.91374530837	0.65	0.82759096934183	3
nasD_knockout	Formamide	nasD_knockout	spa_knockout	0.326314867186878	0.340504027826886	0.8	0.361491372254921	7467.45189402364	7550.64242164721	0.8	0.601270255725609	3
nasD_knockout	Formamide	nasD_knockout	JE2_control	0.326314867186878	0.396397814794245	0.9	0.308416216161728	7467.45189402364	7771.12258231487	0.9	0.327814439165599	3
ureG_knockout	Formamide	ureG_knockout	spa_knockout	0.407018026225123	0.340504027826886	0.05	0.0126786748293509	7453.62065432392	7550.64242164721	0.8	0.646098121903013	3
ureG_knockout	Formamide	ureG_knockout	JE2_control	0.407018026225123	0.396397814794245	0.35	0.869224574586363	7453.62065432392	7771.12258231487	0.9	0.35217415442984	3
nasD_knockout	Glucuronamide	nasD_knockout	spa_knockout	0.287827140284638	0.329934025335572	1	0.0492935791482566	7504.95561114282	7533.51024688224	0.65	0.941305697334619	3
nasD_knockout	Glucuronamide	nasD_knockout	JE2_control	0.287827140284638	0.377639487407895	1	0.0891176185141938	7504.95561114282	8061.10533888382	0.9	0.224259759747833	3
ureG_knockout	Glucuronamide	ureG_knockout	spa_knockout	0.440279695120858	0.329934025335572	0.05	0.00234511403507775	7575.64290614652	7533.51024688224	0.5	0.905884095279373	3
ureG_knockout	Glucuronamide	ureG_knockout	JE2_control	0.440279695120858	0.377639487407895	0.35	0.197337044765895	7575.64290614652	8061.10533888382	0.95	0.248058148633246	3
nasD_knockout	Gly-Asn	nasD_knockout	spa_knockout	0.710634830893617	0.804821956725532	0.9	0.275968429449322	7114.17891265052	7130.2169078083	0.8	0.956675999385005	3
nasD_knockout	Gly-Asn	nasD_knockout	JE2_control	0.710634830893617	0.766520739420638	0.9	0.272247078617879	7114.17891265052	7752.81121049834	1	0.0679263081361414	3
ureG_knockout	Gly-Asn	ureG_knockout	spa_knockout	0.837410896786231	0.804821956725532	0.5	0.696621037121701	6464.82154729501	7130.2169078083	0.95	0.170217159897413	3
ureG_knockout	Gly-Asn	ureG_knockout	JE2_control	0.837410896786231	0.766520739420638	0.2	0.220800338396877	6464.82154729501	7752.81121049834	1	0.028580511011898	3
nasD_knockout	Gly-Gln	nasD_knockout	spa_knockout	0.520649441325353	0.577077458073218	0.95	0.138357659426578	7357.49082991985	7568.17074583727	0.9	0.584934217864498	3
nasD_knockout	Gly-Gln	nasD_knockout	JE2_control	0.520649441325353	0.583646522248043	0.95	0.11702153900344	7357.49082991985	8398.89447621732	1	0.0146742227351644	3
ureG_knockout	Gly-Gln	ureG_knockout	spa_knockout	0.522441657473469	0.577077458073218	1	0.0598059622415803	7201.73598522987	7568.17074583727	0.8	0.40175458000412	3
ureG_knockout	Gly-Gln	ureG_knockout	JE2_control	0.522441657473469	0.583646522248043	1	0.0530186347608771	7201.73598522987	8398.89447621732	1	0.0165089491176267	3
nasD_knockout	Gly-Glu	nasD_knockout	spa_knockout	0.578678575908597	0.621447499143065	0.95	0.184922804694929	8253.75929036127	8323.14943044149	0.8	0.855108470031371	3
nasD_knockout	Gly-Glu	nasD_knockout	JE2_control	0.578678575908597	0.608814882316807	0.9	0.24045353485015	8253.75929036127	8710.22081161067	1	0.00353941974224888	3
ureG_knockout	Gly-Glu	ureG_knockout	spa_knockout	0.648720925582344	0.621447499143065	0.2	0.403388285391174	8027.89661125024	8323.14943044149	0.8	0.495131299429532	3
ureG_knockout	Gly-Glu	ureG_knockout	JE2_control	0.648720925582344	0.608814882316807	0.2	0.18354506017998	8027.89661125024	8710.22081161067	1	0.0204407106119631	3
nasD_knockout	Gly-Me	nasD_knockout	spa_knockout	0.480373554634718	0.504410257397527	0.9	0.181378859103499	7140.44518929289	7157.64795308318	0.8	0.9409017809386	3
nasD_knockout	Gly-Me	nasD_knockout	JE2_control	0.480373554634718	0.578463432353169	1	0.0364270580301265	7140.44518929289	7842.29727472087	1	0.00461707615711917	3
ureG_knockout	Gly-Me	ureG_knockout	spa_knockout	0.472202959184063	0.504410257397527	0.9	0.159117238152147	6609.38861026493	7157.64795308318	0.95	0.133288761137567	3
ureG_knockout	Gly-Me	ureG_knockout	JE2_control	0.472202959184063	0.578463432353169	1	0.0342093509695124	6609.38861026493	7842.29727472087	1	0.00577686130800605	3
nasD_knockout	Glycine	nasD_knockout	spa_knockout	0.561615385004218	0.600126381823088	0.8	0.365799116974113	7663.90126428164	8195.47909082926	1	0.0405449958960182	3
nasD_knockout	Glycine	nasD_knockout	JE2_control	0.561615385004218	0.664595629852067	1	0.0766307540507608	7663.90126428164	8758.46284136878	1	0.000226769088705114	3
ureG_knockout	Glycine	ureG_knockout	spa_knockout	0.748197969028576	0.600126381823088	0.05	0.0545837593801491	8089.1634755081	8195.47909082926	0.65	0.65211658578427	3
ureG_knockout	Glycine	ureG_knockout	JE2_control	0.748197969028576	0.664595629852067	0.2	0.22957151136386	8089.1634755081	8758.46284136878	1	0.0120695171986968	3
nasD_knockout	Guanine	nasD_knockout	spa_knockout	0.199949394018838	0.225720499848115	0.65	0.516933511565081	2989.21336542579	2291.04350913567	0.2	0.389371371885712	3
nasD_knockout	Guanine	nasD_knockout	JE2_control	0.199949394018838	0.261887054687522	0.95	0.131761272205134	2989.21336542579	3746.81518706579	0.8	0.362087165609576	3
ureG_knockout	Guanine	ureG_knockout	spa_knockout	0.222509260684165	0.225720499848115	0.65	0.921182735680228	2615.70795706981	2291.04350913567	0.2	0.430978901561826	3
ureG_knockout	Guanine	ureG_knockout	JE2_control	0.222509260684165	0.261887054687522	0.9	0.207094751590079	2615.70795706981	3746.81518706579	1	0.0461870414903267	3
nasD_knockout	Guanosine	nasD_knockout	spa_knockout	0.341959102140075	0.276559839503378	0.1	0.180142117299557	3838.95333112517	2429.93177241786	0.35	0.198832521691156	3
nasD_knockout	Guanosine	nasD_knockout	JE2_control	0.341959102140075	0.270205605083448	0.2	0.12376313481223	3838.95333112517	3279.64171933737	0.5	0.615539940142814	3
ureG_knockout	Guanosine	ureG_knockout	spa_knockout	0.316503148673518	0.276559839503378	0.5	0.538911099690898	3665.46830619254	2429.93177241786	0.35	0.312830061194693	3
ureG_knockout	Guanosine	ureG_knockout	JE2_control	0.316503148673518	0.270205605083448	0.35	0.464100714009934	3665.46830619254	3279.64171933737	0.5	0.757867128781398	3
nasD_knockout	Histamine	nasD_knockout	spa_knockout	0.207169639979839	0.194744580563355	0.35	0.38129812317003	3378.08352875481	3369.33056119449	0.35	0.959283440542077	3
nasD_knockout	Histamine	nasD_knockout	JE2_control	0.207169639979839	0.206111014787594	0.65	0.898395765644298	3378.08352875481	3640.42325134414	0.9	0.241867939778913	3
ureG_knockout	Histamine	ureG_knockout	spa_knockout	0.215455842675994	0.194744580563355	0.1	0.27646617999061	3441.04725913777	3369.33056119449	0.5	0.691149145324731	3
ureG_knockout	Histamine	ureG_knockout	JE2_control	0.215455842675994	0.206111014787594	0.35	0.514780824791171	3441.04725913777	3640.42325134414	0.95	0.368399006670618	3
nasD_knockout	Hydroxylamine	nasD_knockout	spa_knockout	0.366856839224011	0.376028024591299	0.8	0.540740613669887	6457.82398553434	6587.35943781904	0.9	0.415422948477187	3
nasD_knockout	Hydroxylamine	nasD_knockout	JE2_control	0.366856839224011	0.360953360269112	0.5	0.532071397399539	6457.82398553434	7086.03464458644	1	0.0277122914207529	3
ureG_knockout	Hydroxylamine	ureG_knockout	spa_knockout	0.421895970214663	0.376028024591299	0.05	0.0462149337879477	6509.14155758184	6587.35943781904	0.8	0.713941178138579	3
ureG_knockout	Hydroxylamine	ureG_knockout	JE2_control	0.421895970214663	0.360953360269112	0.05	0.00712959923757675	6509.14155758184	7086.03464458644	1	0.0673603675546705	3
nasD_knockout	Inosine	nasD_knockout	spa_knockout	0.265363996234472	0.249799520050856	0.2	0.216962996335009	3686.95114880793	4274.87128004082	0.65	0.462760961554934	3
nasD_knockout	Inosine	nasD_knockout	JE2_control	0.265363996234472	0.220767270170046	0.05	0.0184777819549636	3686.95114880793	4595.44720997905	0.9	0.286761888715135	3
ureG_knockout	Inosine	ureG_knockout	spa_knockout	0.23222565283652	0.249799520050856	0.95	0.100372926896229	3767.6453183889	4274.87128004082	0.95	0.111199267912632	3
ureG_knockout	Inosine	ureG_knockout	JE2_control	0.23222565283652	0.220767270170046	0.2	0.293979907502302	3767.6453183889	4595.44720997905	1	0.0461021057399161	3
nasD_knockout	L-Alanine	nasD_knockout	spa_knockout	0.268178681368342	0.276232827106863	0.8	0.59609266911185	4071.21615979681	3975.04860272741	0.5	0.79500877364847	3
nasD_knockout	L-Alanine	nasD_knockout	JE2_control	0.268178681368342	0.253244230780417	0.2	0.484737745136547	4071.21615979681	4381.16388957595	0.8	0.587895855661866	3
ureG_knockout	L-Alanine	ureG_knockout	spa_knockout	0.278960103549892	0.276232827106863	0.35	0.75130268853607	3889.6934673392	3975.04860272741	0.65	0.843445624690525	3
ureG_knockout	L-Alanine	ureG_knockout	JE2_control	0.278960103549892	0.253244230780417	0.1	0.176015943724578	3889.6934673392	4381.16388957595	0.8	0.435119119229165	3
nasD_knockout	L-Arginine	nasD_knockout	spa_knockout	0.230520584903942	0.224206943742123	0.2	0.649260218443121	4230.21699700257	4100.87604595782	0.5	0.576634734351965	3
nasD_knockout	L-Arginine	nasD_knockout	JE2_control	0.230520584903942	0.229061252210934	0.5	0.963011793179626	4230.21699700257	4470.78398833954	0.8	0.648914219072104	3
ureG_knockout	L-Arginine	ureG_knockout	spa_knockout	0.23029844807531	0.224206943742123	0.65	0.576106177460335	4231.33306041916	4100.87604595782	0.65	0.759659444748642	3
ureG_knockout	L-Arginine	ureG_knockout	JE2_control	0.23029844807531	0.229061252210934	0.35	0.967403255271527	4231.33306041916	4470.78398833954	0.65	0.707504422045743	3
nasD_knockout	L-Asparagine	nasD_knockout	spa_knockout	0.524309495961663	0.623736859904925	0.95	0.142183434614133	5963.02606316109	6454.30261798721	1	0.0871007042355519	3
nasD_knockout	L-Asparagine	nasD_knockout	JE2_control	0.524309495961663	0.631399087523151	1	0.118359496458854	5963.02606316109	7230.60658505639	1	0.0279360372844775	3
ureG_knockout	L-Asparagine	ureG_knockout	spa_knockout	0.729840928379596	0.623736859904925	0.2	0.201688048906228	6622.73412643123	6454.30261798721	0.35	0.484601808738726	3
ureG_knockout	L-Asparagine	ureG_knockout	JE2_control	0.729840928379596	0.631399087523151	0.2	0.227544086519213	6622.73412643123	7230.60658505639	0.9	0.181555061851822	3
nasD_knockout	L-Aspartic_Acid	nasD_knockout	spa_knockout	0.284728336715615	0.278094026110834	0.35	0.461511819440296	4705.49399253669	4788.52710642412	0.65	0.755732309314676	3
nasD_knockout	L-Aspartic_Acid	nasD_knockout	JE2_control	0.284728336715615	0.268273711499062	0.35	0.426594010661211	4705.49399253669	5531.8997274157	1	0.0886187616546847	3
ureG_knockout	L-Aspartic_Acid	ureG_knockout	spa_knockout	0.270050779388098	0.278094026110834	0.8	0.65066910202663	5039.73703747314	4788.52710642412	0.35	0.506211299794486	3
ureG_knockout	L-Aspartic_Acid	ureG_knockout	JE2_control	0.270050779388098	0.268273711499062	0.65	0.943281535607711	5039.73703747314	5531.8997274157	0.9	0.324907828568781	3
nasD_knockout	L-Citrulline	nasD_knockout	spa_knockout	0.335504411993419	0.379512520242418	0.9	0.202741259150032	6793.63881027439	6290.10277974614	0.2	0.278743742174131	3
nasD_knockout	L-Citrulline	nasD_knockout	JE2_control	0.335504411993419	0.344696508208494	0.8	0.707431756294206	6793.63881027439	6665.68748239535	0.8	0.75153475228572	3
ureG_knockout	L-Citrulline	ureG_knockout	spa_knockout	0.396121224813886	0.379512520242418	0.35	0.506866070398183	6406.16217158558	6290.10277974614	0.35	0.707526723359812	3
ureG_knockout	L-Citrulline	ureG_knockout	JE2_control	0.396121224813886	0.344696508208494	0.05	0.0226870695626909	6406.16217158558	6665.68748239535	0.8	0.361274912473075	3
nasD_knockout	L-Cysteine	nasD_knockout	spa_knockout	0.185214533067908	0.177040546286938	0.05	0.135661609827914	4365.34095366037	4289.90022383838	0.35	0.893585542405049	3
nasD_knockout	L-Cysteine	nasD_knockout	JE2_control	0.185214533067908	0.169444087577406	0.2	0.140388340366941	4365.34095366037	4745.60883385794	0.9	0.382079259629618	3
ureG_knockout	L-Cysteine	ureG_knockout	spa_knockout	0.161726866656376	0.177040546286938	0.95	0.12376001268767	4223.65669288259	4289.90022383838	0.65	0.923617195508143	3
ureG_knockout	L-Cysteine	ureG_knockout	JE2_control	0.161726866656376	0.169444087577406	0.9	0.514413867075052	4223.65669288259	4745.60883385794	0.8	0.388148583187727	3
nasD_knockout	L-Glutamic_Acid	nasD_knockout	spa_knockout	0.431129827869144	0.402998768412487	0.35	0.421090240445736	5182.76787572242	6152.84765719404	1	0.0850095014257905	3
nasD_knockout	L-Glutamic_Acid	nasD_knockout	JE2_control	0.431129827869144	0.392901789328497	0.05	0.00207491139558916	5182.76787572242	6561.4182396005	1	0.0321666155331848	3
ureG_knockout	L-Glutamic_Acid	ureG_knockout	spa_knockout	0.564928787876872	0.402998768412487	0.05	0.0429445287255541	5949.57465650043	6152.84765719404	0.8	0.527035079540544	3
ureG_knockout	L-Glutamic_Acid	ureG_knockout	JE2_control	0.564928787876872	0.392901789328497	0.05	0.0199267488511605	5949.57465650043	6561.4182396005	0.95	0.107832140278452	3
nasD_knockout	L-Glutamine	nasD_knockout	spa_knockout	0.601086003658827	0.625382553475255	0.8	0.382773955857174	6581.60153216938	6922.60159224621	1	0.0260680645455109	3
nasD_knockout	L-Glutamine	nasD_knockout	JE2_control	0.601086003658827	0.558563810311962	0.2	0.268186592946376	6581.60153216938	7299.63359940294	1	0.0108689257443173	3
ureG_knockout	L-Glutamine	ureG_knockout	spa_knockout	0.793064056643638	0.625382553475255	0.05	0.00412555785311746	6943.31187484602	6922.60159224621	0.35	0.882672014880447	3
ureG_knockout	L-Glutamine	ureG_knockout	JE2_control	0.793064056643638	0.558563810311962	0.05	0.00283175501351699	6943.31187484602	7299.63359940294	0.95	0.121753624176953	3
nasD_knockout	L-Histidine	nasD_knockout	spa_knockout	0.339609397111468	0.354111434265089	1	0.0443038529191495	5373.18455892799	5355.98580372944	0.65	0.952700722811731	3
nasD_knockout	L-Histidine	nasD_knockout	JE2_control	0.339609397111468	0.332639513152287	0.35	0.602642460530885	5373.18455892799	5623.02543018965	0.9	0.322069012900409	3
ureG_knockout	L-Histidine	ureG_knockout	spa_knockout	0.366399684986318	0.354111434265089	0.35	0.336312754824346	5095.20276942615	5355.98580372944	0.9	0.453639796475249	3
ureG_knockout	L-Histidine	ureG_knockout	JE2_control	0.366399684986318	0.332639513152287	0.1	0.101600518767915	5095.20276942615	5623.02543018965	0.95	0.123694376445213	3
nasD_knockout	L-Homoserine	nasD_knockout	spa_knockout	0.400624868828718	0.393458582277084	0.2	0.478346072361839	4561.890501746	5223.7891872107	0.9	0.260558054964278	3
nasD_knockout	L-Homoserine	nasD_knockout	JE2_control	0.400624868828718	0.381875892345277	0.2	0.241540888481903	4561.890501746	5162.0500275782	0.9	0.299261402080727	3
ureG_knockout	L-Homoserine	ureG_knockout	spa_knockout	0.435374092954107	0.393458582277084	0.05	0.0873632306279671	5039.23698956264	5223.7891872107	0.9	0.453165603652836	3
ureG_knockout	L-Homoserine	ureG_knockout	JE2_control	0.435374092954107	0.381875892345277	0.05	0.0648955162299833	5039.23698956264	5162.0500275782	0.8	0.603295841915235	3
nasD_knockout	L-Isoleucine	nasD_knockout	spa_knockout	0.216922887184788	0.238085783430511	0.8	0.656184774500646	3171.81558204607	3498.83197617622	0.8	0.372640867208399	3
nasD_knockout	L-Isoleucine	nasD_knockout	JE2_control	0.216922887184788	0.27106941587859	0.8	0.275997115023681	3171.81558204607	4094.45056642667	1	0.0462064686274961	3
ureG_knockout	L-Isoleucine	ureG_knockout	spa_knockout	0.245504840150816	0.238085783430511	0.5	0.893388389753283	3495.87154818288	3498.83197617622	0.8	0.993696892301772	3
ureG_knockout	L-Isoleucine	ureG_knockout	JE2_control	0.245504840150816	0.27106941587859	0.8	0.642683819371802	3495.87154818288	4094.45056642667	0.95	0.162097022254189	3
nasD_knockout	L-Leucine	nasD_knockout	spa_knockout	0.329637528313044	0.326674299084242	0.5	0.821303364882495	4924.73827539457	5180.43602921197	0.9	0.421965452092909	3
nasD_knockout	L-Leucine	nasD_knockout	JE2_control	0.329637528313044	0.321428164240086	0.35	0.598130673277362	4924.73827539457	5726.81019721924	1	0.0546047177068638	3
ureG_knockout	L-Leucine	ureG_knockout	spa_knockout	0.353334049999825	0.326674299084242	0.1	0.139376129167481	5348.42016528235	5180.43602921197	0.2	0.644883183677916	3
ureG_knockout	L-Leucine	ureG_knockout	JE2_control	0.353334049999825	0.321428164240086	0.1	0.121469082909854	5348.42016528235	5726.81019721924	0.65	0.337776999405558	3
nasD_knockout	L-Lysine	nasD_knockout	spa_knockout	0.324732688646007	0.342777883927116	0.95	0.126862014878517	5800.95974473183	6020.15205448025	0.8	0.469324284418383	3
nasD_knockout	L-Lysine	nasD_knockout	JE2_control	0.324732688646007	0.337054638442973	0.95	0.266823066444373	5800.95974473183	6424.7998221546	1	0.0878504649842001	3
ureG_knockout	L-Lysine	ureG_knockout	spa_knockout	0.36313379106226	0.342777883927116	0.05	0.12258381151474	6070.02005217788	6020.15205448025	0.65	0.873491947600621	3
ureG_knockout	L-Lysine	ureG_knockout	JE2_control	0.36313379106226	0.337054638442973	0.05	0.0693326926282986	6070.02005217788	6424.7998221546	0.9	0.297816588689638	3
nasD_knockout	L-Methionine	nasD_knockout	spa_knockout	0.365016437018796	0.363225846504577	0.35	0.924068535403444	5755.84648880104	6088.67954992167	0.95	0.194782009180395	3
nasD_knockout	L-Methionine	nasD_knockout	JE2_control	0.365016437018796	0.348926184406894	0.2	0.189883054412351	5755.84648880104	6620.50975276751	1	0.00249380860555398	3
ureG_knockout	L-Methionine	ureG_knockout	spa_knockout	0.411332106304519	0.363225846504577	0.1	0.0902477743407342	5870.56233512735	6088.67954992167	0.8	0.437528901464655	3
ureG_knockout	L-Methionine	ureG_knockout	JE2_control	0.411332106304519	0.348926184406894	0.05	0.0180632291612059	5870.56233512735	6620.50975276751	1	0.0157613892808893	3
nasD_knockout	L-Ornithine	nasD_knockout	spa_knockout	0.293586231255419	0.258330881068117	0.2	0.318458629990478	4744.95444490911	4652.17464968248	0.5	0.848405710312318	3
nasD_knockout	L-Ornithine	nasD_knockout	JE2_control	0.293586231255419	0.242611513263777	0.1	0.172754192381043	4744.95444490911	4941.65141956946	0.9	0.684562627265609	3
ureG_knockout	L-Ornithine	ureG_knockout	spa_knockout	0.302824923152938	0.258330881068117	0.1	0.164931598273683	4449.78312968165	4652.17464968248	0.8	0.751785718524801	3
ureG_knockout	L-Ornithine	ureG_knockout	JE2_control	0.302824923152938	0.242611513263777	0.05	0.0812501998549956	4449.78312968165	4941.65141956946	0.8	0.453783432925725	3
nasD_knockout	L-Phenylalanine	nasD_knockout	spa_knockout	0.356603446318285	0.387603429384197	0.95	0.10810346231417	6510.72901783315	6393.94240669894	0.5	0.695368775995572	3
nasD_knockout	L-Phenylalanine	nasD_knockout	JE2_control	0.356603446318285	0.353533615231135	0.65	0.765018393255455	6510.72901783315	6991.37367833718	0.9	0.289445043806484	3
ureG_knockout	L-Phenylalanine	ureG_knockout	spa_knockout	0.40265120409108	0.387603429384197	0.35	0.285598136092647	6609.89663809889	6393.94240669894	0.5	0.591470085331974	3
ureG_knockout	L-Phenylalanine	ureG_knockout	JE2_control	0.40265120409108	0.353533615231135	0.05	0.000238452871264515	6609.89663809889	6991.37367833718	0.8	0.457551498300113	3
nasD_knockout	L-Proline	nasD_knockout	spa_knockout	0.358666309389107	0.372799951053225	0.9	0.405057917581641	5549.83059892799	5565.54560035662	0.8	0.946474007791906	3
nasD_knockout	L-Proline	nasD_knockout	JE2_control	0.358666309389107	0.320919407149948	0.05	0.0227764780138222	5549.83059892799	6449.86826333245	1	0.0572504033581073	3
ureG_knockout	L-Proline	ureG_knockout	spa_knockout	0.387581882978726	0.372799951053225	0.1	0.285381010023699	5650.62581070598	5565.54560035662	0.5	0.828622783713989	3
ureG_knockout	L-Proline	ureG_knockout	JE2_control	0.387581882978726	0.320919407149948	0.05	0.000154250600048828	5650.62581070598	6449.86826333245	0.95	0.150731125209488	3
nasD_knockout	L-Pyroglutamic_Acid	nasD_knockout	spa_knockout	0.294721977988693	0.313008404027718	1	0.00607794851705555	6360.09760646657	6458.26144471806	0.8	0.528859243153201	3
nasD_knockout	L-Pyroglutamic_Acid	nasD_knockout	JE2_control	0.294721977988693	0.298023790892487	0.8	0.57623220514276	6360.09760646657	6666.55350893323	0.95	0.21765767216286	3
ureG_knockout	L-Pyroglutamic_Acid	ureG_knockout	spa_knockout	0.349403215066437	0.313008404027718	0.05	0.0179292162097955	6265.79908030284	6458.26144471806	0.9	0.429279563711987	3
ureG_knockout	L-Pyroglutamic_Acid	ureG_knockout	JE2_control	0.349403215066437	0.298023790892487	0.05	0.00752656566536593	6265.79908030284	6666.55350893323	0.9	0.208683728229473	3
nasD_knockout	L-Serine	nasD_knockout	spa_knockout	0.325566659434692	0.377174021400939	0.65	0.450986361713476	4575.32295319923	6077.57938031635	1	0.27410577780512	3
nasD_knockout	L-Serine	nasD_knockout	JE2_control	0.325566659434692	0.375831430187164	0.5	0.451273884605314	4575.32295319923	6655.08109258224	1	0.157902551985889	3
ureG_knockout	L-Serine	ureG_knockout	spa_knockout	0.463854238129203	0.377174021400939	0.05	0.0184853528571168	5999.10500386685	6077.57938031635	0.5	0.835716597813846	3
ureG_knockout	L-Serine	ureG_knockout	JE2_control	0.463854238129203	0.375831430187164	0.05	0.00786093830476459	5999.10500386685	6655.08109258224	0.9	0.172879353277993	3
nasD_knockout	L-Threonine	nasD_knockout	spa_knockout	0.424755179521215	0.451489291595058	0.95	0.13862925939545	6446.87839652001	7620.18673422176	0.95	0.164219236119807	3
nasD_knockout	L-Threonine	nasD_knockout	JE2_control	0.424755179521215	0.495719514075145	1	0.0419234285558232	6446.87839652001	6863.71435932885	0.8	0.753211854751816	3
ureG_knockout	L-Threonine	ureG_knockout	spa_knockout	0.504666910431091	0.451489291595058	0.05	0.0442993017956548	7086.05962075206	7620.18673422176	0.9	0.141338872374436	3
ureG_knockout	L-Threonine	ureG_knockout	JE2_control	0.504666910431091	0.495719514075145	0.5	0.753191344824646	7086.05962075206	6863.71435932885	0.8	0.845293407641566	3
nasD_knockout	L-Tryptophan	nasD_knockout	spa_knockout	0.212407434491163	0.201227607645599	0.35	0.483508820488117	3651.3780251499	4094.80674973219	0.8	0.343168813589569	3
nasD_knockout	L-Tryptophan	nasD_knockout	JE2_control	0.212407434491163	0.18958627253761	0.2	0.171615524022811	3651.3780251499	4043.17603561961	0.8	0.302817472931669	3
ureG_knockout	L-Tryptophan	ureG_knockout	spa_knockout	0.23254577764893	0.201227607645599	0.05	0.135643549115532	4181.08996280052	4094.80674973219	0.5	0.856473926337443	3
ureG_knockout	L-Tryptophan	ureG_knockout	JE2_control	0.23254577764893	0.18958627253761	0.05	0.0562287321361497	4181.08996280052	4043.17603561961	0.8	0.730896804876213	3
nasD_knockout	L-Tyrosine	nasD_knockout	spa_knockout	0.207813210157982	0.200649881980261	0.35	0.494878480028089	3371.10160810439	3507.8850936546	0.8	0.565065536200931	3
nasD_knockout	L-Tyrosine	nasD_knockout	JE2_control	0.207813210157982	0.199691757958296	0.05	0.0119705318721003	3371.10160810439	3683.31572840531	0.8	0.294744962135105	3
ureG_knockout	L-Tyrosine	ureG_knockout	spa_knockout	0.204409379309892	0.200649881980261	0.35	0.735320499967992	3346.7888322167	3507.8850936546	0.65	0.542564655088459	3
ureG_knockout	L-Tyrosine	ureG_knockout	JE2_control	0.204409379309892	0.199691757958296	0.35	0.349103603784614	3346.7888322167	3683.31572840531	0.9	0.295180510685217	3
nasD_knockout	L-Valine	nasD_knockout	spa_knockout	0.345599340933805	0.340082120407379	0.35	0.48554544074351	5624.41699232074	6156.74831259222	1	0.0375102955845294	3
nasD_knockout	L-Valine	nasD_knockout	JE2_control	0.345599340933805	0.353129884377881	0.8	0.565576838025566	5624.41699232074	6139.81311698891	0.95	0.170757572690011	3
ureG_knockout	L-Valine	ureG_knockout	spa_knockout	0.357963858822452	0.340082120407379	0.2	0.277023444309553	5609.66867491572	6156.74831259222	1	0.056671050575008	3
ureG_knockout	L-Valine	ureG_knockout	JE2_control	0.357963858822452	0.353129884377881	0.5	0.792512780174453	5609.66867491572	6139.81311698891	0.9	0.1816971610086	3
nasD_knockout	Met-Ala	nasD_knockout	spa_knockout	0.275724174907171	0.250375687633926	0.2	0.246932600702648	4761.18085890518	4281.50255048078	0.1	0.106231272946262	3
nasD_knockout	Met-Ala	nasD_knockout	JE2_control	0.275724174907171	0.21923391197105	0.2	0.103324701343693	4761.18085890518	4572.70263740292	0.35	0.6636549685048	3
ureG_knockout	Met-Ala	ureG_knockout	spa_knockout	0.245806895170809	0.250375687633926	0.65	0.811923807796298	4044.05121821072	4281.50255048078	0.8	0.593321083500666	3
ureG_knockout	Met-Ala	ureG_knockout	JE2_control	0.245806895170809	0.21923391197105	0.35	0.370446564799591	4044.05121821072	4572.70263740292	0.9	0.371448530230546	3
nasD_knockout	Methylamine	nasD_knockout	spa_knockout	0.330880103480305	0.341669693911373	0.9	0.445424524994182	6552.03650400913	6697.41048720041	0.8	0.512518789803467	3
nasD_knockout	Methylamine	nasD_knockout	JE2_control	0.330880103480305	0.330406312827803	0.8	0.967335571698521	6552.03650400913	6813.86222008421	1	0.0470395043431241	3
ureG_knockout	Methylamine	ureG_knockout	spa_knockout	0.386345629352548	0.341669693911373	0.05	0.0480923885185362	6441.67800700431	6697.41048720041	0.8	0.45069460027048	3
ureG_knockout	Methylamine	ureG_knockout	JE2_control	0.386345629352548	0.330406312827803	0.05	0.0177719961539468	6441.67800700431	6813.86222008421	0.9	0.207255218743889	3
nasD_knockout	N-Acetyl-D-Galactosamine	nasD_knockout	spa_knockout	0.243335712146469	0.232831111429243	0.1	0.214498735521074	4383.02289215372	4187.38398552664	0.35	0.359788563196162	3
nasD_knockout	N-Acetyl-D-Galactosamine	nasD_knockout	JE2_control	0.243335712146469	0.218844968053653	0.1	0.108918391077428	4383.02289215372	4549.70217551629	0.8	0.579796018246634	3
ureG_knockout	N-Acetyl-D-Galactosamine	ureG_knockout	spa_knockout	0.251613144796996	0.232831111429243	0.05	0.0401054163757175	4189.83912941685	4187.38398552664	0.5	0.991923370051998	3
ureG_knockout	N-Acetyl-D-Galactosamine	ureG_knockout	JE2_control	0.251613144796996	0.218844968053653	0.05	0.0454768207554091	4189.83912941685	4549.70217551629	0.9	0.303066243429983	3
nasD_knockout	N-Acetyl-D-Glucosamine	nasD_knockout	spa_knockout	0.343293342154047	0.357464599918026	0.8	0.34018487511239	6062.37407451486	5888.66967215209	0.35	0.532467342946907	3
nasD_knockout	N-Acetyl-D-Glucosamine	nasD_knockout	JE2_control	0.343293342154047	0.348736622346433	0.65	0.698342185446604	6062.37407451486	6429.38570681165	0.9	0.279786683312847	3
ureG_knockout	N-Acetyl-D-Glucosamine	ureG_knockout	spa_knockout	0.382632861951084	0.357464599918026	0.1	0.163667927837556	5936.15222701216	5888.66967215209	0.5	0.887454819569305	3
ureG_knockout	N-Acetyl-D-Glucosamine	ureG_knockout	JE2_control	0.382632861951084	0.348736622346433	0.1	0.083028674075792	5936.15222701216	6429.38570681165	0.95	0.228766646657681	3
nasD_knockout	N-Acetyl-D-Mannosamine	nasD_knockout	spa_knockout	0.295643737281716	0.283244811110202	0.05	0.154526911661753	4479.47725084595	4295.33146839803	0.35	0.286711613193561	3
nasD_knockout	N-Acetyl-D-Mannosamine	nasD_knockout	JE2_control	0.295643737281716	0.275192770697492	0.05	0.0674946695343957	4479.47725084595	4878.97382054063	0.95	0.145966068455323	3
ureG_knockout	N-Acetyl-D-Mannosamine	ureG_knockout	spa_knockout	0.274637366331774	0.283244811110202	0.9	0.19422638737024	4335.38014206482	4295.33146839803	0.35	0.615818204897844	3
ureG_knockout	N-Acetyl-D-Mannosamine	ureG_knockout	JE2_control	0.274637366331774	0.275192770697492	0.65	0.939920058141485	4335.38014206482	4878.97382054063	1	0.0386714139683912	3
nasD_knockout	N-Acetyl-L-Glutamic_Acid	nasD_knockout	spa_knockout	0.260787330919475	0.251198895651922	0.2	0.196642385828138	4378.47985324522	4080.05972385889	0.2	0.286810416754054	3
nasD_knockout	N-Acetyl-L-Glutamic_Acid	nasD_knockout	JE2_control	0.260787330919475	0.231438787396174	0.05	0.0141804870622557	4378.47985324522	4240.1279168341	0.35	0.566691856577744	3
ureG_knockout	N-Acetyl-L-Glutamic_Acid	ureG_knockout	spa_knockout	0.247478701345005	0.251198895651922	0.65	0.652803593077608	4114.5907281106	4080.05972385889	0.5	0.877910178323212	3
ureG_knockout	N-Acetyl-L-Glutamic_Acid	ureG_knockout	JE2_control	0.247478701345005	0.231438787396174	0.1	0.12810509402359	4114.5907281106	4240.1279168341	0.8	0.537044313487093	3
nasD_knockout	N-Amylamine	nasD_knockout	spa_knockout	0.319910305994246	0.350066137449358	0.9	0.350534069751892	7017.48417540336	6706.45503125569	0.35	0.5433667789114	3
nasD_knockout	N-Amylamine	nasD_knockout	JE2_control	0.319910305994246	0.318005756529283	0.5	0.906914286207901	7017.48417540336	7277.68790217347	0.8	0.491225873125578	3
ureG_knockout	N-Amylamine	ureG_knockout	spa_knockout	0.357776644653833	0.350066137449358	0.35	0.793001958658472	6796.26423976097	6706.45503125569	0.5	0.855005224297943	3
ureG_knockout	N-Amylamine	ureG_knockout	JE2_control	0.357776644653833	0.318005756529283	0.05	0.0393723806339692	6796.26423976097	7277.68790217347	0.95	0.221599118783765	3
nasD_knockout	N-Butylamine	nasD_knockout	spa_knockout	0.33552541998256	0.352572533002548	0.9	0.292716486792242	7111.77583645391	7202.73338732347	0.8	0.651818736628542	3
nasD_knockout	N-Butylamine	nasD_knockout	JE2_control	0.33552541998256	0.338789910618291	0.8	0.711362090306901	7111.77583645391	7450.04575574502	0.95	0.22356119237366	3
ureG_knockout	N-Butylamine	ureG_knockout	spa_knockout	0.382803392496603	0.352572533002548	0.1	0.0792854663495944	7067.05917212667	7202.73338732347	0.8	0.61348164328025	3
ureG_knockout	N-Butylamine	ureG_knockout	JE2_control	0.382803392496603	0.338789910618291	0.05	0.0018299820457836	7067.05917212667	7450.04575574502	0.95	0.25178977954201	3
nasD_knockout	N-Phthaloyl-L-Glutamic_Acid	nasD_knockout	spa_knockout	0.343492029287005	0.357150077094714	0.95	0.0853467224801395	5510.00743533065	5596.59283831475	0.65	0.620444214482278	3
nasD_knockout	N-Phthaloyl-L-Glutamic_Acid	nasD_knockout	JE2_control	0.343492029287005	0.346323004900138	0.65	0.816925718189951	5510.00743533065	5743.84147709457	1	0.06553771869966	3
ureG_knockout	N-Phthaloyl-L-Glutamic_Acid	ureG_knockout	spa_knockout	0.387487713435449	0.357150077094714	0.05	0.0027632106009332	5577.3337350921	5596.59283831475	0.65	0.933162150867387	3
ureG_knockout	N-Phthaloyl-L-Glutamic_Acid	ureG_knockout	JE2_control	0.387487713435449	0.346323004900138	0.05	0.0188372440735886	5577.3337350921	5743.84147709457	0.8	0.384078966716605	3
nasD_knockout	Negative_Control	nasD_knockout	spa_knockout	0.291342142921811	0.308313746404038	0.9	0.314449691177818	4566.79811861907	4486.87592083068	0.5	0.790063963182606	3
nasD_knockout	Negative_Control	nasD_knockout	JE2_control	0.291342142921811	0.273677703279857	0.2	0.426993607364361	4566.79811861907	5125.12510402405	0.95	0.312396964751767	3
ureG_knockout	Negative_Control	ureG_knockout	spa_knockout	0.292744114272803	0.308313746404038	0.9	0.259878420167922	4437.96918462996	4486.87592083068	0.65	0.852371962229172	3
ureG_knockout	Negative_Control	ureG_knockout	JE2_control	0.292744114272803	0.273677703279857	0.35	0.348464313048146	4437.96918462996	5125.12510402405	0.95	0.21297184056981	3
nasD_knockout	Nitrate	nasD_knockout	spa_knockout	0.254016100435306	0.267308358273025	0.9	0.22295343580359	4325.16121923774	4259.9924640767	0.5	0.800802528075348	3
nasD_knockout	Nitrate	nasD_knockout	JE2_control	0.254016100435306	0.241791008475832	0.35	0.580057294990044	4325.16121923774	4813.70280939263	0.95	0.234335651319724	3
ureG_knockout	Nitrate	ureG_knockout	spa_knockout	0.256386964805555	0.267308358273025	0.9	0.344821958477259	4397.56392825063	4259.9924640767	0.5	0.631594238988754	3
ureG_knockout	Nitrate	ureG_knockout	JE2_control	0.256386964805555	0.241791008475832	0.35	0.521442706713874	4397.56392825063	4813.70280939263	0.8	0.319007878843898	3
nasD_knockout	Nitrite	nasD_knockout	spa_knockout	0.228234852476199	0.221707662041448	0.35	0.715355846945161	3476.09415279972	3264.92068385729	0.2	0.413920351162574	3
nasD_knockout	Nitrite	nasD_knockout	JE2_control	0.228234852476199	0.203452660092868	0.1	0.303801556332036	3476.09415279972	3651.2535463155	0.8	0.65338313594841	3
ureG_knockout	Nitrite	ureG_knockout	spa_knockout	0.260378632696576	0.221707662041448	0.2	0.244545937255397	3124.6932610809	3264.92068385729	0.8	0.660160440408907	3
ureG_knockout	Nitrite	ureG_knockout	JE2_control	0.260378632696576	0.203452660092868	0.05	0.14142903493899	3124.6932610809	3651.2535463155	0.95	0.263927933041711	3
nasD_knockout	Parabanic_Acid	nasD_knockout	spa_knockout	0.354881763579373	0.33834724015376	0.2	0.204379080995829	6563.64917285488	6784.45713227042	0.9	0.418902337577038	3
nasD_knockout	Parabanic_Acid	nasD_knockout	JE2_control	0.354881763579373	0.321255973281069	0.1	0.101330336693261	6563.64917285488	6911.528051632	0.95	0.15243461494124	3
ureG_knockout	Parabanic_Acid	ureG_knockout	spa_knockout	0.400823338601664	0.33834724015376	0.05	0.00435668908740524	6317.74023382105	6784.45713227042	0.9	0.155738126509295	3
ureG_knockout	Parabanic_Acid	ureG_knockout	JE2_control	0.400823338601664	0.321255973281069	0.05	0.00721304829156891	6317.74023382105	6911.528051632	1	0.0569100979952297	3
nasD_knockout	Putrescine	nasD_knockout	spa_knockout	0.346451306144187	0.364954805019995	0.8	0.316760261118672	6145.67848360972	5899.34170052743	0.2	0.313938360716862	3
nasD_knockout	Putrescine	nasD_knockout	JE2_control	0.346451306144187	0.357179674739357	0.9	0.283924610957335	6145.67848360972	6234.78629328048	0.65	0.683343232486207	3
ureG_knockout	Putrescine	ureG_knockout	spa_knockout	0.383575856951595	0.364954805019995	0.35	0.332389464754259	6017.57817642369	5899.34170052743	0.5	0.655543711081669	3
ureG_knockout	Putrescine	ureG_knockout	JE2_control	0.383575856951595	0.357179674739357	0.05	0.0567288303722701	6017.57817642369	6234.78629328048	0.9	0.409730950451495	3
nasD_knockout	ß-Phenylethyl-amine	nasD_knockout	spa_knockout	0.41058070152344	0.420631945082423	0.8	0.671650999303779	5677.54176871379	5714.4015536582	0.65	0.900593342077385	3
nasD_knockout	ß-Phenylethyl-amine	nasD_knockout	JE2_control	0.41058070152344	0.411396916816327	0.8	0.968158192388586	5677.54176871379	6041.11744086042	0.9	0.256836535807908	3
ureG_knockout	ß-Phenylethyl-amine	ureG_knockout	spa_knockout	0.443127310149229	0.420631945082423	0.2	0.155850562334181	5552.24842468578	5714.4015536582	0.65	0.645085936389836	3
ureG_knockout	ß-Phenylethyl-amine	ureG_knockout	JE2_control	0.443127310149229	0.411396916816327	0.05	0.0112530147306662	5552.24842468578	6041.11744086042	0.9	0.206303753161612	3
nasD_knockout	Thymidine	nasD_knockout	spa_knockout	0.286950538236628	0.315975528635648	0.9	0.35103258970463	6635.24457691182	6433.90075521764	0.35	0.649394137038723	3
nasD_knockout	Thymidine	nasD_knockout	JE2_control	0.286950538236628	0.284669942768835	0.8	0.899905971749492	6635.24457691182	6765.81668862281	0.65	0.812673960200995	3
ureG_knockout	Thymidine	ureG_knockout	spa_knockout	0.341887210504369	0.315975528635648	0.2	0.400083168662387	6468.23965450497	6433.90075521764	0.5	0.947947440959108	3
ureG_knockout	Thymidine	ureG_knockout	JE2_control	0.341887210504369	0.284669942768835	0.05	0.0284882296607497	6468.23965450497	6765.81668862281	0.65	0.637669646428167	3
nasD_knockout	Thymine	nasD_knockout	spa_knockout	0.305391941035658	0.302459167417451	0.65	0.87305009018885	6871.58551631308	6752.47076927621	0.35	0.787503798531697	3
nasD_knockout	Thymine	nasD_knockout	JE2_control	0.305391941035658	0.308346066668571	0.65	0.768489361026815	6871.58551631308	7077.00541359812	0.9	0.566335249789381	3
ureG_knockout	Thymine	ureG_knockout	spa_knockout	0.33594862751903	0.302459167417451	0.2	0.254032904214996	6442.7580715951	6752.47076927621	0.65	0.584114690330986	3
ureG_knockout	Thymine	ureG_knockout	JE2_control	0.33594862751903	0.308346066668571	0.1	0.251410705115467	6442.7580715951	7077.00541359812	0.95	0.237450083193142	3
nasD_knockout	Tyramine	nasD_knockout	spa_knockout	0.335353256427795	0.358258135644963	0.9	0.164411501716076	6131.21129566262	6043.83239809969	0.5	0.554295358419838	3
nasD_knockout	Tyramine	nasD_knockout	JE2_control	0.335353256427795	0.340299539067863	0.65	0.64355898105513	6131.21129566262	6320.89802549576	0.8	0.411129885244504	3
ureG_knockout	Tyramine	ureG_knockout	spa_knockout	0.384714172068649	0.358258135644963	0.05	0.0634736862128855	6031.10078268671	6043.83239809969	0.65	0.938477516046894	3
ureG_knockout	Tyramine	ureG_knockout	JE2_control	0.384714172068649	0.340299539067863	0.05	0.000837313905993312	6031.10078268671	6320.89802549576	0.95	0.258371188443448	3
nasD_knockout	Uracil	nasD_knockout	spa_knockout	0.332864599003049	0.344002258985464	0.8	0.537707574826043	6624.26785197775	6570.0448008261	0.5	0.885123646522246	3
nasD_knockout	Uracil	nasD_knockout	JE2_control	0.332864599003049	0.334592348940498	0.65	0.907168845512161	6624.26785197775	7054.79069896638	0.8	0.455482868501298	3
ureG_knockout	Uracil	ureG_knockout	spa_knockout	0.377379031636888	0.344002258985464	0.1	0.1141095071094	6332.71003469272	6570.0448008261	0.9	0.640876920499527	3
ureG_knockout	Uracil	ureG_knockout	JE2_control	0.377379031636888	0.334592348940498	0.05	0.0372785909963617	6332.71003469272	7054.79069896638	0.95	0.30077079100602	3
nasD_knockout	Urea	nasD_knockout	spa_knockout	0.317729753728853	0.274812472813713	0.1	0.200230772016216	5707.60726806924	5676.79407207977	0.5	0.867973389233727	3
nasD_knockout	Urea	nasD_knockout	JE2_control	0.317729753728853	0.321715295468107	0.5	0.903963393329932	5707.60726806924	6205.0873856348	0.95	0.149447617653573	3
ureG_knockout	Urea	ureG_knockout	spa_knockout	0.255042580302708	0.274812472813713	0.8	0.281300993730097	4333.50809415355	5676.79407207977	1	0.00209549952465112	3
ureG_knockout	Urea	ureG_knockout	JE2_control	0.255042580302708	0.321715295468107	1	0.0324297788288732	4333.50809415355	6205.0873856348	1	0.00294145469459532	3
nasD_knockout	Uric_Acid	nasD_knockout	spa_knockout	0.382731897861145	0.404178509305438	0.95	0.176213518670159	6256.09706854627	5911.84917586871	0.35	0.396784097370334	3
nasD_knockout	Uric_Acid	nasD_knockout	JE2_control	0.382731897861145	0.369722276836773	0.2	0.292793372133019	6256.09706854627	6290.49448676624	0.65	0.947100904974475	3
ureG_knockout	Uric_Acid	ureG_knockout	spa_knockout	0.415599715382665	0.404178509305438	0.35	0.583118410628219	6054.32144668785	5911.84917586871	0.35	0.677669202241972	3
ureG_knockout	Uric_Acid	ureG_knockout	JE2_control	0.415599715382665	0.369722276836773	0.05	0.060112994509548	6054.32144668785	6290.49448676624	0.8	0.630974175430337	3
nasD_knockout	Uridine	nasD_knockout	spa_knockout	0.332318255175825	0.346840936407428	0.9	0.270606188081528	5613.60639822966	5348.33950977399	0.35	0.571926821982608	3
nasD_knockout	Uridine	nasD_knockout	JE2_control	0.332318255175825	0.334415816045602	0.65	0.889274948339248	5613.60639822966	5994.25861605318	0.9	0.471425323330818	3
ureG_knockout	Uridine	ureG_knockout	spa_knockout	0.366396594697339	0.346840936407428	0.2	0.242339673075666	5426.57859267028	5348.33950977399	0.5	0.890395649809402	3
ureG_knockout	Uridine	ureG_knockout	JE2_control	0.366396594697339	0.334415816045602	0.1	0.125666988511363	5426.57859267028	5994.25861605318	0.9	0.37737212838758	3
nasD_knockout	Xanthine	nasD_knockout	spa_knockout	0.318299225832919	0.599068637042185	1	0.0944714304953406	3475.44528508257	4108.09414232753	0.8	0.460823251785736	3
nasD_knockout	Xanthine	nasD_knockout	JE2_control	0.318299225832919	0.748474485833432	1	0.0529871662889467	3475.44528508257	3751.1044079478	0.8	0.800668953393727	3
ureG_knockout	Xanthine	ureG_knockout	spa_knockout	0.497987622341457	0.599068637042185	0.95	0.0740547783645431	3685.88693708015	4108.09414232753	0.8	0.486072284088255	3
ureG_knockout	Xanthine	ureG_knockout	JE2_control	0.497987622341457	0.748474485833432	1	0.0684835237631418	3685.88693708015	3751.1044079478	0.5	0.943388132057285	3
nasD_knockout	Xanthosine	nasD_knockout	spa_knockout	0.335828711780896	0.352354104855161	0.95	0.179300288685288	5634.15762617844	5530.64056912592	0.35	0.734350689737373	3
nasD_knockout	Xanthosine	nasD_knockout	JE2_control	0.335828711780896	0.316619439574489	0.1	0.211626271308916	5634.15762617844	5523.1302286521	0.65	0.797123781288254	3
ureG_knockout	Xanthosine	ureG_knockout	spa_knockout	0.351350578076509	0.352354104855161	0.5	0.959202563744328	5496.00565870796	5530.64056912592	0.65	0.925072410604243	3
ureG_knockout	Xanthosine	ureG_knockout	JE2_control	0.351350578076509	0.316619439574489	0.2	0.159010046718948	5496.00565870796	5523.1302286521	0.65	0.954780090559953	3
nasD_knockout	α-Amino-N-Valeric_Acid	nasD_knockout	spa_knockout	0.295817100088702	0.268263855865962	0.05	0.0511094871669275	3840.21725866135	3460.889520227	0.2	0.343483841164394	3
nasD_knockout	α-Amino-N-Valeric_Acid	nasD_knockout	JE2_control	0.295817100088702	0.243204869003459	0.05	0.137310931240414	3840.21725866135	3703.84934560292	0.5	0.723568833022676	3
ureG_knockout	α-Amino-N-Valeric_Acid	ureG_knockout	spa_knockout	0.310566607518782	0.268263855865962	0.05	0.0559565053796185	3357.87030561619	3460.889520227	0.65	0.807590419541313	3
ureG_knockout	α-Amino-N-Valeric_Acid	ureG_knockout	JE2_control	0.310566607518782	0.243204869003459	0.05	0.0949571082604943	3357.87030561619	3703.84934560292	0.9	0.437235345975091	3
nasD_knockout	γ-Amino-N-Butyric_Acid	nasD_knockout	spa_knockout	0.335556175233154	0.323499026193221	0.2	0.172884900235002	5406.97642384511	5467.54317002512	0.5	0.855084496309002	3
nasD_knockout	γ-Amino-N-Butyric_Acid	nasD_knockout	JE2_control	0.335556175233154	0.30072193558155	0.05	0.146702680561272	5406.97642384511	5612.44254296483	0.65	0.642891494494431	3
ureG_knockout	γ-Amino-N-Butyric_Acid	ureG_knockout	spa_knockout	0.351936849979732	0.323499026193221	0.05	0.049789341642413	5491.15224755155	5467.54317002512	0.5	0.969220261744124	3
ureG_knockout	γ-Amino-N-Butyric_Acid	ureG_knockout	JE2_control	0.351936849979732	0.30072193558155	0.05	0.0683858237093674	5491.15224755155	5612.44254296483	0.65	0.857677126827232	3
nasD_knockout	δ-Amino-N-Valeric_Acid	nasD_knockout	spa_knockout	0.29797699210409	0.273050973648659	0.35	0.417724695239895	4520.14654167043	3981.29400731885	0.1	0.141931036587038	3
nasD_knockout	δ-Amino-N-Valeric_Acid	nasD_knockout	JE2_control	0.29797699210409	0.274678881311062	0.35	0.752693188127522	4520.14654167043	4780.99971578327	0.5	0.703675582307134	3
ureG_knockout	δ-Amino-N-Valeric_Acid	ureG_knockout	spa_knockout	0.321998774504917	0.273050973648659	0.1	0.152920528791158	4269.4972029266	3981.29400731885	0.35	0.601247929667571	3
ureG_knockout	δ-Amino-N-Valeric_Acid	ureG_knockout	JE2_control	0.321998774504917	0.274678881311062	0.35	0.531068893044548	4269.4972029266	4780.99971578327	0.8	0.538245392939904	3
nasD_knockout	ε-Amino-N-Caproic_Acid	nasD_knockout	spa_knockout	0.335727572061063	0.325725344333321	0.5	0.440389170819419	5529.42396919851	5113.74020785093	0.2	0.25347305108634	3
nasD_knockout	ε-Amino-N-Caproic_Acid	nasD_knockout	JE2_control	0.335727572061063	0.286518103965754	0.05	0.100792987699818	5529.42396919851	5534.17492977212	0.5	0.987524387660982	3
ureG_knockout	ε-Amino-N-Caproic_Acid	ureG_knockout	spa_knockout	0.346686984016985	0.325725344333321	0.05	0.120050398714052	5523.54966685428	5113.74020785093	0.5	0.434371346422003	3
ureG_knockout	ε-Amino-N-Caproic_Acid	ureG_knockout	JE2_control	0.346686984016985	0.286518103965754	0.05	0.0565714803111835	5523.54966685428	5534.17492977212	0.65	0.982494839660327	3
