patient_id	recombination_event	start	end	length	num_var	loci	samples
auguet2016-P_0295	auguet2016-P_0295-re1	1488016	1488062	47	4	-	ERR1040797.ERR1041038.mrca.auguet2016-P_0295
chow2017-CD140306	chow2017-CD140306-re1	1924641	1924742	102	5	-;SAOUHSC_02019	18090_5#9.16870_4#16.mrca.chow2017-CD140306
chow2017-CD140306	chow2017-CD140306-re2	2085454	2085768	315	4	SAOUHSC_02250	18090_5#9.16870_4#16.mrca.chow2017-CD140306
chow2017-CD140349	chow2017-CD140349-re1	1798213	1798218	6	2	SAOUHSC_01884	16870_2#32.14448_2#90.mrca.chow2017-CD140349
chow2017-CD140376	chow2017-CD140376-re1	1926591	1928790	2200	8	SAOUHSC_02021;SAOUHSC_02022;SAOUHSC_02023	17059_1#43.16870_2#51.mrca.chow2017-CD140376
chow2017-CD140376	chow2017-CD140376-re2	1930737	1935380	4644	43	SAOUHSC_02027;SAOUHSC_02028;SAOUHSC_02029;SAOUHSC_02030	17059_1#43.16870_2#51.mrca.chow2017-CD140376
chow2017-CD140376	chow2017-CD140376-re3	1960909	1961032	124	6	SAOUHSC_02077	17059_1#43.16870_2#51.mrca.chow2017-CD140376
chow2017-CD140572	chow2017-CD140572-re1	1925715	1926307	593	12	SAOUHSC_02019;SAOUHSC_02020	16870_2#51.16870_2#68.mrca.chow2017-CD140572
chow2017-CD140572	chow2017-CD140572-re2	2659551	2659698	148	2	SAOUHSC_02885;SAOUHSC_02886	16870_2#51.16870_2#68.mrca.chow2017-CD140572
chow2017-CD140630	chow2017-CD140630-re1	2085406	2086016	611	29	SAOUHSC_02250;SAOUHSC_02251	16870_2#60.17150_1#21.mrca.chow2017-CD140630
chow2017-CD140764	chow2017-CD140764-re1	517927	518510	584	2	-	16870_3#10.14324_8#49.mrca.chow2017-CD140764
chow2017-CD140764	chow2017-CD140764-re2	1960921	1960927	7	2	SAOUHSC_02077	16870_3#11.14324_8#49.mrca.chow2017-CD140764
chow2017-CD140764	chow2017-CD140764-re3	1962052	1962229	178	8	SAOUHSC_02080	16870_3#10.14324_8#49.mrca.chow2017-CD140764
chow2017-CD140764	chow2017-CD140764-re4	1965908	1965927	20	2	SAOUHSC_02089	16870_3#11.14324_8#49.mrca.chow2017-CD140764
chow2017-CD140826	chow2017-CD140826-re1	1960921	1960927	7	2	SAOUHSC_02077	16870_3#72.18090_5#15.mrca.chow2017-CD140826
chow2017-CD140826	chow2017-CD140826-re2	2063724	2063931	208	11	SAOUHSC_02216	16870_3#72.18090_5#15.mrca.chow2017-CD140826
chow2017-CD140900	chow2017-CD140900-re1	1464338	1466039	1702	16	-;SAOUHSC_01515;SAOUHSC_01516	18090_5#24.17059_1#37.mrca.chow2017-CD140900
chow2017-CD140900	chow2017-CD140900-re2	1926917	1928602	1686	9	SAOUHSC_02021;SAOUHSC_02022;SAOUHSC_02023	18090_5#24.17059_1#37.mrca.chow2017-CD140900
chow2017-CD140900	chow2017-CD140900-re3	1930700	1931024	325	8	-;SAOUHSC_02027	18090_5#24.17059_1#37.mrca.chow2017-CD140900
chow2017-CD140900	chow2017-CD140900-re4	1933113	1935098	1986	16	SAOUHSC_02029;SAOUHSC_02030	18090_5#24.17059_1#37.mrca.chow2017-CD140900
chow2017-CD140971	chow2017-CD140971-re1	823153	823198	46	4	SAOUHSC_00851;-	16870_4#18.17059_1#16.mrca.chow2017-CD140971
chow2017-CD140971	chow2017-CD140971-re2	963753	964047	295	2	SAOUHSC_00992;-	16870_4#17.17059_1#16.mrca.chow2017-CD140971
chow2017-CD140971	chow2017-CD140971-re3	1924624	1926462	1839	29	-;SAOUHSC_02019;SAOUHSC_02020	16870_4#18.17059_1#16.mrca.chow2017-CD140971
chow2017-CD140971	chow2017-CD140971-re4	1959486	1959897	412	7	SAOUHSC_02073	16870_4#17.17059_1#16.mrca.chow2017-CD140971
chow2017-CD140971	chow2017-CD140971-re5	2064003	2064039	37	2	-;SAOUHSC_02217	16870_4#18.17059_1#16.mrca.chow2017-CD140971
chow2017-CD141653	chow2017-CD141653-re1	1496949	1497071	123	4	SAOUHSC_01560	17150_1#19.17059_1#2.mrca.chow2017-CD141653
harkins2018-SS_016	harkins2018-SS_016-re1	823178	823197	20	2	-	ERR1903978.SRR3728763.mrca.harkins2018-SS_016
harkins2018-SS_039	harkins2018-SS_039-re1	2063750	2063763	14	2	SAOUHSC_02216	ERR1903987.SRR3729311.mrca.harkins2018-SS_039
harkins2018-SS_059	harkins2018-SS_059-re1	1410483	1410490	8	2	-	ERR1904002.ERR1904020.mrca.harkins2018-SS_059
harkins2018-SS_059	harkins2018-SS_059-re2	1504238	1504671	434	4	SAOUHSC_01575	ERR1904004.ERR1904020.mrca.harkins2018-SS_059;ERR1904002.ERR1904020.mrca.harkins2018-SS_059
harkins2018-SS_059	harkins2018-SS_059-re3	1507351	1507480	130	2	SAOUHSC_01582	ERR1904002.ERR1904020.mrca.harkins2018-SS_059
harkins2018-SS_059	harkins2018-SS_059-re4	2046191	2046209	19	2	SAOUHSC_02182	ERR1904004.ERR1904020.mrca.harkins2018-SS_059
harkins2018-SS_094	harkins2018-SS_094-re1	1464272	1464290	19	3	-	ERR1904013.SRR2053838.mrca.harkins2018-SS_094;ERR1904016.SRR2053838.mrca.harkins2018-SS_094
harkins2018-SS_094	harkins2018-SS_094-re2	1466096	1466132	37	3	SAOUHSC_01516	ERR1904013.SRR2053838.mrca.harkins2018-SS_094
harkins2018-SS_094	harkins2018-SS_094-re3	1495802	1495829	28	3	SAOUHSC_01556	ERR1904013.SRR2053838.mrca.harkins2018-SS_094
harkins2018-SS_094	harkins2018-SS_094-re4	2060199	2060388	190	8	SAOUHSC_02205	ERR1904013.SRR2053838.mrca.harkins2018-SS_094
harkins2018-SS_094	harkins2018-SS_094-re5	2063751	2063763	13	2	SAOUHSC_02216	ERR1904014.SRR2053838.mrca.harkins2018-SS_094
harkins2018-SS_149	harkins2018-SS_149-re1	1507384	1507514	131	2	SAOUHSC_01582	ERR1904040.SRR3728937.mrca.harkins2018-SS_149
harkins2018-SS_157	harkins2018-SS_157-re1	174151	174165	15	2	-	ERR1904047.SRR2054008.mrca.harkins2018-SS_157
harkins2018-SS_157	harkins2018-SS_157-re2	233417	233933	517	3	SAOUHSC_00213	ERR1904047.SRR2054008.mrca.harkins2018-SS_157;ERR1904049.SRR2054008.mrca.harkins2018-SS_157
harkins2018-SS_157	harkins2018-SS_157-re3	652648	652669	22	2	SAOUHSC_00665	ERR1904048.SRR2054008.mrca.harkins2018-SS_157
harkins2018-SS_157	harkins2018-SS_157-re4	685563	685576	14	2	-	ERR1904047.SRR2054008.mrca.harkins2018-SS_157
harkins2018-SS_157	harkins2018-SS_157-re5	696784	696790	7	2	SAOUHSC_00711	ERR1904048.SRR2054008.mrca.harkins2018-SS_157
harkins2018-SS_157	harkins2018-SS_157-re6	731748	731781	34	4	SAOUHSC_00746	ERR1904048.SRR2054008.mrca.harkins2018-SS_157
harkins2018-SS_157	harkins2018-SS_157-re7	876894	876896	3	2	-	ERR1904049.SRR2054008.mrca.harkins2018-SS_157
harkins2018-SS_157	harkins2018-SS_157-re8	1015767	1015869	103	3	SAOUHSC_01047	ERR1904049.SRR2054008.mrca.harkins2018-SS_157
harkins2018-SS_157	harkins2018-SS_157-re9	1130420	1130654	235	2	SAOUHSC_01179	ERR1904051.SRR2054008.mrca.harkins2018-SS_157
harkins2018-SS_157	harkins2018-SS_157-re10	1252675	1252798	124	3	SAOUHSC_01307	ERR1904048.SRR2054008.mrca.harkins2018-SS_157
harkins2018-SS_157	harkins2018-SS_157-re11	1302044	1302071	28	3	SAOUHSC_01359	ERR1904047.SRR2054008.mrca.harkins2018-SS_157
harkins2018-SS_157	harkins2018-SS_157-re12	1412404	1412898	495	2	SAOUHSC_01455	ERR1904047.SRR2054008.mrca.harkins2018-SS_157
harkins2018-SS_157	harkins2018-SS_157-re13	1428635	1428677	43	2	SAOUHSC_01472	ERR1904050.SRR2054008.mrca.harkins2018-SS_157
harkins2018-SS_157	harkins2018-SS_157-re14	1586537	1586570	34	4	SAOUHSC_01676	ERR1904047.SRR2054008.mrca.harkins2018-SS_157;ERR1904051.SRR2054008.mrca.harkins2018-SS_157
harkins2018-SS_157	harkins2018-SS_157-re15	1662440	1662463	24	2	SAOUHSC_01762	ERR1904050.SRR2054008.mrca.harkins2018-SS_157
harkins2018-SS_157	harkins2018-SS_157-re16	1993003	1993015	13	2	SAOUHSC_02119	ERR1904049.SRR2054008.mrca.harkins2018-SS_157
harkins2018-SS_157	harkins2018-SS_157-re17	2063234	2063750	517	3	SAOUHSC_02216	ERR1904051.SRR2054008.mrca.harkins2018-SS_157;ERR1904049.SRR2054008.mrca.harkins2018-SS_157
harkins2018-SS_157	harkins2018-SS_157-re18	2165726	2165733	8	2	SAOUHSC_02337	ERR1904051.SRR2054008.mrca.harkins2018-SS_157
harkins2018-SS_157	harkins2018-SS_157-re19	2190773	2190806	34	3	SAOUHSC_02368	ERR1904047.SRR2054008.mrca.harkins2018-SS_157
harkins2018-SS_157	harkins2018-SS_157-re20	2234722	2234728	7	2	SAOUHSC_02406	ERR1904048.SRR2054008.mrca.harkins2018-SS_157
harkins2018-SS_157	harkins2018-SS_157-re21	2245454	2245463	10	2	SAOUHSC_02417	ERR1904048.SRR2054008.mrca.harkins2018-SS_157
harkins2018-SS_157	harkins2018-SS_157-re22	2255663	2255669	7	2	SAOUHSC_02428	ERR1904051.SRR2054008.mrca.harkins2018-SS_157
harkins2018-SS_157	harkins2018-SS_157-re23	2584053	2584071	19	2	SAOUHSC_02803	ERR1904051.SRR2054008.mrca.harkins2018-SS_157
harkins2018-SS_157	harkins2018-SS_157-re24	2639975	2640037	63	6	SAOUHSC_02866	ERR1904047.SRR2054008.mrca.harkins2018-SS_157;ERR1904048.SRR2054008.mrca.harkins2018-SS_157
harkins2018-SS_157	harkins2018-SS_157-re25	2785558	2785792	235	2	SAOUHSC_03012	ERR1904047.SRR2054008.mrca.harkins2018-SS_157
harkins2018-SS_268	harkins2018-SS_268-re1	1934592	1935446	855	2	SAOUHSC_02029;SAOUHSC_02030	ERR1904060.SRR3728942.mrca.harkins2018-SS_268
harkins2018-SS_303	harkins2018-SS_303-re1	119419	119454	36	2	-	ERR1904063.SRR3731708.mrca.harkins2018-SS_303
harrison2016-CR42	harrison2016-CR42-re1	2036810	2037396	587	3	SAOUHSC_02173;SAOUHSC_02174;-	15049_1#48.8525_1#53.mrca.harrison2016-CR42
harrison2016-GR01	harrison2016-GR01-re1	2046143	2046209	67	4	SAOUHSC_02182	13415_2#86.14324_6#47.mrca.harrison2016-GR01
harrison2016-GR02	harrison2016-GR02-re1	1467548	1467851	304	14	SAOUHSC_01520	13414_7#16.13415_2#90.mrca.harrison2016-GR02
harrison2016-GR02	harrison2016-GR02-re2	1478047	1478203	157	2	SAOUHSC_01525	13414_7#16.13415_2#90.mrca.harrison2016-GR02
harrison2016-GR02	harrison2016-GR02-re3	1480024	1482921	2898	44	SAOUHSC_01527;SAOUHSC_01529;SAOUHSC_01530;SAOUHSC_01531;SAOUHSC_01532;SAOUHSC_01533;SAOUHSC_01535	13414_7#16.13415_2#90.mrca.harrison2016-GR02
harrison2016-GR02	harrison2016-GR02-re4	1484135	1484221	87	3	SAOUHSC_01536	13414_7#16.13415_2#90.mrca.harrison2016-GR02
harrison2016-GR02	harrison2016-GR02-re5	1485876	1492209	6334	65	SAOUHSC_01537;SAOUHSC_01538;SAOUHSC_01539;-;SAOUHSC_01541;SAOUHSC_01542;SAOUHSC_01543;SAOUHSC_01545;SAOUHSC_01546;SAOUHSC_01547	13414_7#16.13415_2#90.mrca.harrison2016-GR02
harrison2016-GR02	harrison2016-GR02-re6	2045868	2045963	96	2	SAOUHSC_02182	13414_7#7.13415_2#90.mrca.harrison2016-GR02
harrison2016-GR05	harrison2016-GR05-re1	321260	322053	794	2	SAOUHSC_00307	13414_7#17.13414_7#39.mrca.harrison2016-GR05
harrison2016-GR14	harrison2016-GR14-re1	2038507	2038652	146	2	SAOUHSC_02178;SAOUHSC_02179	13415_3#13.13415_3#10.mrca.harrison2016-GR14
mpros-107	mpros-107-re1	2036603	2037396	794	5	SAOUHSC_02173;SAOUHSC_02174;-	14208_8#5.14623_3#80.mrca.mpros-107
mpros-1162	mpros-1162-re1	1465111	1465165	55	2	SAOUHSC_01515	14208_8#9.14623_6#70.mrca.mpros-1162
mpros-1162	mpros-1162-re2	1930829	1931869	1041	20	SAOUHSC_02027;SAOUHSC_02028	14208_8#9.14623_6#70.mrca.mpros-1162
mpros-1162	mpros-1162-re3	1957250	1957308	59	2	SAOUHSC_02069	14208_8#9.14623_6#70.mrca.mpros-1162
mpros-1162	mpros-1162-re4	2045434	2046395	962	6	SAOUHSC_02182	14208_8#9.14623_6#70.mrca.mpros-1162
mpros-1162	mpros-1162-re5	2320537	2320610	74	2	SAOUHSC_02517	14623_3#77.14623_6#70.mrca.mpros-1162
mpros-125	mpros-125-re1	1468634	1468906	273	4	SAOUHSC_01520;SAOUHSC_01521	14200_6#80.ERR1041022.mrca.mpros-125
mpros-179	mpros-179-re1	700138	700334	197	2	SAOUHSC_00714;SAOUHSC_00715	14448_1#12.14623_2#48.mrca.mpros-179
mpros-191	mpros-191-re1	700206	700895	690	2	SAOUHSC_00714;SAOUHSC_00715	8447_7#17.14448_3#54.mrca.mpros-191
mpros-191	mpros-191-re2	1404868	1404875	8	2	-	14355_2#69.14448_3#54.mrca.mpros-191
mpros-210	mpros-210-re1	2063976	2064012	37	5	SAOUHSC_02216;-;SAOUHSC_02217	14672_2#61.8524_3#96.mrca.mpros-210
mpros-219	mpros-219-re1	170690	171189	500	2	SAOUHSC_00157	14623_8#74.14200_6#58.mrca.mpros-219
mpros-219	mpros-219-re2	2036603	2037396	794	4	SAOUHSC_02173;SAOUHSC_02174;-	8447_7#54.14200_6#58.mrca.mpros-219
mpros-257	mpros-257-re1	2037396	2037653	258	2	-;SAOUHSC_02176	14623_8#22.8524_3#6.mrca.mpros-257
mpros-261	mpros-261-re1	215195	215921	727	2	SAOUHSC_00195;SAOUHSC_00196	14355_1#24.14355_1#91.mrca.mpros-261
mpros-261	mpros-261-re2	444976	445110	135	2	SAOUHSC_00441	8524_5#7.14355_1#91.mrca.mpros-261
mpros-261	mpros-261-re3	1684980	1685062	83	2	SAOUHSC_01787	14355_1#24.14355_1#91.mrca.mpros-261
mpros-261	mpros-261-re4	1962160	1962256	97	4	SAOUHSC_02080	14555_7#35.14355_1#91.mrca.mpros-261
mpros-291	mpros-291-re1	1473891	1474744	854	19	SAOUHSC_01525	14448_2#18.14200_7#40.mrca.mpros-291
mpros-308	mpros-308-re1	1566985	1567024	40	2	SAOUHSC_01652;-	14448_2#30.14623_3#70.mrca.mpros-308
mpros-308	mpros-308-re2	2036810	2037292	483	3	SAOUHSC_02173;SAOUHSC_02174	14623_8#73.14623_3#70.mrca.mpros-308
mpros-314	mpros-314-re1	2036603	2037653	1051	6	SAOUHSC_02173;SAOUHSC_02174;-;SAOUHSC_02176	14623_7#57.14200_6#75.mrca.mpros-314
mpros-315	mpros-315-re1	53094	53136	43	5	SAOUHSC_00049	14672_2#66.SRR2054008.mrca.mpros-315
mpros-315	mpros-315-re2	78140	78149	10	2	SAOUHSC_00072	14672_2#66.SRR2054008.mrca.mpros-315
mpros-315	mpros-315-re3	174151	174165	15	2	-	14672_2#66.SRR2054008.mrca.mpros-315
mpros-315	mpros-315-re4	336494	336508	15	2	SAOUHSC_00322	14672_2#66.SRR2054008.mrca.mpros-315
mpros-315	mpros-315-re5	517426	517461	36	3	-	14672_2#66.SRR2054008.mrca.mpros-315
mpros-315	mpros-315-re6	567133	567139	7	2	SAOUHSC_00557	14672_2#66.SRR2054008.mrca.mpros-315
mpros-315	mpros-315-re7	731775	731781	7	2	SAOUHSC_00746	14672_2#66.SRR2054008.mrca.mpros-315
mpros-315	mpros-315-re8	798545	798672	128	6	SAOUHSC_00816	14672_2#66.SRR2054008.mrca.mpros-315
mpros-315	mpros-315-re9	1069637	1069646	10	2	SAOUHSC_01108	14672_2#66.SRR2054008.mrca.mpros-315
mpros-315	mpros-315-re10	1490374	1490437	64	2	SAOUHSC_01542;SAOUHSC_01543	14672_2#66.SRR2054008.mrca.mpros-315
mpros-315	mpros-315-re11	1535190	1535204	15	2	SAOUHSC_01611	14672_2#66.SRR2054008.mrca.mpros-315
mpros-315	mpros-315-re12	1719051	1719356	306	3	-;SAOUHSC_01813	14672_2#66.SRR2054008.mrca.mpros-315
mpros-315	mpros-315-re13	1917285	1917290	6	2	SAOUHSC_02007	14672_2#66.SRR2054008.mrca.mpros-315
mpros-315	mpros-315-re14	2182395	2182402	8	2	-	14672_2#66.SRR2054008.mrca.mpros-315
mpros-315	mpros-315-re15	2229053	2229104	52	3	SAOUHSC_02404	14672_2#66.SRR2054008.mrca.mpros-315
mpros-315	mpros-315-re16	2245286	2245325	40	3	SAOUHSC_02417	14672_2#66.SRR2054008.mrca.mpros-315
mpros-315	mpros-315-re17	2342100	2342106	7	2	SAOUHSC_02545	14672_2#66.SRR2054008.mrca.mpros-315
mpros-315	mpros-315-re18	2467966	2468719	754	2	SAOUHSC_02682	14672_2#66.SRR2054008.mrca.mpros-315
mpros-315	mpros-315-re19	2545516	2545546	31	3	SAOUHSC_02768	14672_2#66.SRR2054008.mrca.mpros-315
mpros-315	mpros-315-re20	2604902	2604907	6	2	SAOUHSC_02825;SAOUHSC_02826	14672_2#66.SRR2054008.mrca.mpros-315
mpros-315	mpros-315-re21	2639906	2639945	40	3	SAOUHSC_02866	14672_2#66.SRR2054008.mrca.mpros-315
mpros-315	mpros-315-re22	2705318	2705346	29	2	SAOUHSC_02940	14672_2#66.SRR2054008.mrca.mpros-315
mpros-33	mpros-33-re1	1467044	1467156	113	2	SAOUHSC_01519	14324_8#74.8490_3#31.mrca.mpros-33
mpros-33	mpros-33-re2	2036810	2037396	587	4	SAOUHSC_02173;SAOUHSC_02174;-	14324_8#74.8490_3#31.mrca.mpros-33
mpros-350	mpros-350-re1	1474120	1474342	223	8	SAOUHSC_01525	8525_1#27.14623_5#39.mrca.mpros-350
mpros-402	mpros-402-re1	2036810	2037653	844	5	SAOUHSC_02173;SAOUHSC_02174;-;SAOUHSC_02176	14623_7#8.14448_2#89.mrca.mpros-402
mpros-416	mpros-416-re1	1465123	1465876	754	24	SAOUHSC_01515;-	14623_8#80.14623_7#46.mrca.mpros-416
mpros-416	mpros-416-re2	1927135	1927885	751	5	SAOUHSC_02022	14623_8#80.14623_7#46.mrca.mpros-416
mpros-416	mpros-416-re3	2036810	2037653	844	2	SAOUHSC_02173;SAOUHSC_02176	14324_8#66.14623_7#46.mrca.mpros-416
mpros-475	mpros-475-re1	2039634	2039903	270	12	SAOUHSC_02180	14200_6#88.14623_4#23.mrca.mpros-475
mpros-527	mpros-527-re1	2069454	2069485	32	2	-;SAOUHSC_02229	14208_8#16.8524_5#41.mrca.mpros-527
mpros-534	mpros-534-re1	2036603	2037653	1051	4	SAOUHSC_02173;-;SAOUHSC_02176	14672_2#27.14355_2#13.mrca.mpros-534
mpros-565	mpros-565-re1	2045434	2046395	962	10	SAOUHSC_02182	14208_8#60.14623_3#77.mrca.mpros-565;14355_1#9.14623_3#77.mrca.mpros-565
mpros-565	mpros-565-re2	2067541	2067741	201	4	SAOUHSC_02223	14208_8#60.14623_3#77.mrca.mpros-565
mpros-623	mpros-623-re1	1470024	1474226	4203	28	SAOUHSC_01521;SAOUHSC_01522;SAOUHSC_01523;SAOUHSC_01524;SAOUHSC_01525	14412_8#80.14623_5#29.mrca.mpros-623
mpros-64	mpros-64-re1	1507261	1507267	7	2	-	14200_8#1.14324_8#45.mrca.mpros-64
mpros-64	mpros-64-re2	2036603	2037653	1051	7	SAOUHSC_02173;SAOUHSC_02174;-;SAOUHSC_02176	14200_8#1.14324_8#45.mrca.mpros-64
mpros-719	mpros-719-re1	2036603	2036810	208	2	SAOUHSC_02173	14355_2#54.8490_3#58.mrca.mpros-719
mpros-824	mpros-824-re1	568299	568443	145	2	SAOUHSC_00558	14324_8#63.14355_1#20.mrca.mpros-824
mpros-850	mpros-850-re1	1643511	1644305	795	2	SAOUHSC_01739;SAOUHSC_01742	14448_2#11.14623_2#21.mrca.mpros-850
mpros-95	mpros-95-re1	2158287	2158292	6	2	-	14208_8#77.14208_8#82.mrca.mpros-95
mpros-97	mpros-97-re1	531887	532400	514	2	SAOUHSC_00529	8524_3#62.14200_6#75.mrca.mpros-97
mpros-97	mpros-97-re2	2036603	2037396	794	5	SAOUHSC_02173;SAOUHSC_02174;-	14448_1#41.14200_6#75.mrca.mpros-97
mpros-97	mpros-97-re3	2419842	2420348	507	2	SAOUHSC_02631;SAOUHSC_02632	8524_3#62.14200_6#75.mrca.mpros-97
price2013-X005	price2013-X005-re1	2046143	2046158	16	3	SAOUHSC_02182	SRR2053970.14323_1#62.mrca.price2013-X005
price2013-X016	price2013-X016-re1	1474226	1476562	2337	9	SAOUHSC_01525	SRR2054036.SRR2053852.mrca.price2013-X016
price2013-X016	price2013-X016-re2	1482282	1482433	152	6	SAOUHSC_01532	SRR2054036.SRR2053852.mrca.price2013-X016
price2013-X016	price2013-X016-re3	1499121	1502122	3002	29	SAOUHSC_01563;-;SAOUHSC_01566;SAOUHSC_01567;SAOUHSC_01568	SRR2054036.SRR2053852.mrca.price2013-X016
price2013-X018	price2013-X018-re1	1928491	1928554	64	5	SAOUHSC_02023	SRR2053874.SRR3729073.mrca.price2013-X018
price2013-X035	price2013-X035-re1	196717	197640	924	2	SAOUHSC_00179;SAOUHSC_00180	SRR2053963.SRR2053851.mrca.price2013-X035
price2013-X035	price2013-X035-re2	227365	227917	553	2	SAOUHSC_00204;-	SRR2053963.SRR2053851.mrca.price2013-X035
price2013-X035	price2013-X035-re3	306434	306523	90	2	SAOUHSC_00293	SRR2053963.SRR2053851.mrca.price2013-X035
price2013-X035	price2013-X035-re4	408562	408568	7	2	SAOUHSC_00406	SRR2053963.SRR2053851.mrca.price2013-X035
price2013-X035	price2013-X035-re5	535388	536130	743	2	SAOUHSC_00531;-	SRR2053963.SRR2053851.mrca.price2013-X035
price2013-X035	price2013-X035-re6	671828	672252	425	2	-	SRR2053963.SRR2053851.mrca.price2013-X035
price2013-X035	price2013-X035-re7	692075	692386	312	2	SAOUHSC_00708	SRR2053963.SRR2053851.mrca.price2013-X035
price2013-X035	price2013-X035-re8	991355	991856	502	2	SAOUHSC_01019;SAOUHSC_01021	SRR2053963.SRR2053851.mrca.price2013-X035
price2013-X035	price2013-X035-re9	1315209	1315447	239	2	SAOUHSC_01371	SRR2053963.SRR2053851.mrca.price2013-X035
price2013-X035	price2013-X035-re10	1346805	1347703	899	2	SAOUHSC_01406;-	SRR2053963.SRR2053851.mrca.price2013-X035
price2013-X035	price2013-X035-re11	1643206	1643370	165	2	SAOUHSC_01739	SRR2053963.SRR2053851.mrca.price2013-X035
price2013-X035	price2013-X035-re12	1961824	1962439	616	11	SAOUHSC_02080	SRR2053963.SRR2053851.mrca.price2013-X035
price2013-X035	price2013-X035-re13	2008364	2009187	824	3	SAOUHSC_02134;SAOUHSC_02135	SRR2053963.SRR2053851.mrca.price2013-X035
price2013-X035	price2013-X035-re14	2223390	2223449	60	2	SAOUHSC_02402	SRR2053963.SRR2053851.mrca.price2013-X035
price2013-X035	price2013-X035-re15	2303222	2303810	589	2	SAOUHSC_02483;SAOUHSC_02483;SAOUHSC_02484	SRR2053963.SRR2053851.mrca.price2013-X035
price2013-X035	price2013-X035-re16	2315242	2315537	296	2	SAOUHSC_02508;SAOUHSC_02509	SRR2053963.SRR2053851.mrca.price2013-X035
price2013-X035	price2013-X035-re17	2447606	2448250	645	2	SAOUHSC_02663;SAOUHSC_02664	SRR2053963.SRR2053851.mrca.price2013-X035
price2013-X035	price2013-X035-re18	2705235	2705251	17	2	SAOUHSC_02939	SRR2053963.SRR2053851.mrca.price2013-X035
price2013-X035	price2013-X035-re19	2753830	2753847	18	2	SAOUHSC_02985	SRR2053963.SRR2053851.mrca.price2013-X035
price2013-X079	price2013-X079-re1	316314	316465	152	2	SAOUHSC_00300;-	SRR2053959.SRR3729378.mrca.price2013-X079
price2013-X098	price2013-X098-re1	1932066	1932106	41	2	SAOUHSC_02028	SRR2054041.8524_5#33.mrca.price2013-X098
price2013-X104	price2013-X104-re1	1467236	1467458	223	10	SAOUHSC_01520	SRR2053847.SRR2054008.mrca.price2013-X104
price2013-X104	price2013-X104-re2	1471560	1471581	22	2	SAOUHSC_01523	SRR2053847.SRR2054008.mrca.price2013-X104
price2013-X104	price2013-X104-re3	1475938	1476004	67	3	SAOUHSC_01525	SRR2053847.SRR2054008.mrca.price2013-X104
price2013-X104	price2013-X104-re4	1492401	1492871	471	2	SAOUHSC_01547	SRR2053847.SRR2054008.mrca.price2013-X104
price2013-X104	price2013-X104-re5	1499121	1499130	10	2	SAOUHSC_01563	SRR2053847.SRR2054008.mrca.price2013-X104
price2013-X104	price2013-X104-re6	2040087	2040147	61	2	SAOUHSC_02180	SRR2053847.SRR2054008.mrca.price2013-X104
price2013-X104	price2013-X104-re7	2045881	2045948	68	2	SAOUHSC_02182	SRR2053847.SRR2054008.mrca.price2013-X104
price2013-X104	price2013-X104-re8	2063397	2063883	487	9	SAOUHSC_02216	SRR2054081.SRR2054008.mrca.price2013-X104
price2013-X104	price2013-X104-re9	2810085	2810527	443	3	SAOUHSC_03037	SRR2053847.SRR2054008.mrca.price2013-X104
price2013-X105	price2013-X105-re1	1933485	1933764	280	6	SAOUHSC_02029	SRR2053834.SRR3730431.mrca.price2013-X105
price2013-X112	price2013-X112-re1	540353	540622	270	2	-;SAOUHSC_00535	SRR2053891.SRR2054061.mrca.price2013-X112
price2013-X112	price2013-X112-re2	823193	823200	8	2	-	SRR2053891.SRR2054061.mrca.price2013-X112
price2013-X112	price2013-X112-re3	1530620	1530660	41	2	SAOUHSC_01605	SRR2053891.SRR2054061.mrca.price2013-X112
price2013-X112	price2013-X112-re4	1737418	1738329	912	2	SAOUHSC_01832;SAOUHSC_01833	SRR2053891.SRR2054061.mrca.price2013-X112
price2013-X112	price2013-X112-re5	2043405	2043585	181	10	SAOUHSC_02181	SRR2053891.SRR2054061.mrca.price2013-X112
price2013-X112	price2013-X112-re6	2060004	2060120	117	2	SAOUHSC_02205	SRR2053914.SRR2054061.mrca.price2013-X112
price2013-X112	price2013-X112-re7	2068342	2068373	32	2	SAOUHSC_02225;-	SRR2053891.SRR2054061.mrca.price2013-X112
price2013-X147	price2013-X147-re1	1467434	1467500	67	2	SAOUHSC_01520	SRR2053964.14623_6#26.mrca.price2013-X147
price2013-X152	price2013-X152-re1	1467404	1467434	31	2	SAOUHSC_01520	SRR2053866.SRR2054032.mrca.price2013-X152
price2016-2029680	price2016-2029680-re1	2039916	2039937	22	3	SAOUHSC_02180	SRR3729418.SRR3729019.mrca.price2016-2029680
price2016-2107188	price2016-2107188-re1	755680	756368	689	2	SAOUHSC_00774;-	SRR3728791.SRR2053853.mrca.price2016-2107188
price2016-2227223	price2016-2227223-re1	2046131	2046152	22	3	SAOUHSC_02182	SRR3728565.SRR3730431.mrca.price2016-2227223
price2016-2402532	price2016-2402532-re1	2063619	2063631	13	2	SAOUHSC_02216	SRR3728416.ERR1904009.mrca.price2016-2402532
price2016-2432734	price2016-2432734-re1	2038598	2038652	55	2	-;SAOUHSC_02179	SRR3729075.SRR3731878.mrca.price2016-2432734
price2016-2754372	price2016-2754372-re1	79703	80120	418	2	-;SAOUHSC_00075	SRR3731418.SRR2053842.mrca.price2016-2754372
price2016-2754372	price2016-2754372-re2	140688	141639	952	3	-	SRR3731418.SRR2053842.mrca.price2016-2754372
price2016-2754372	price2016-2754372-re3	690170	690699	530	2	-;SAOUHSC_00706	SRR3731418.SRR2053842.mrca.price2016-2754372
price2016-2754372	price2016-2754372-re4	708207	708502	296	2	SAOUHSC_00726	SRR3731418.SRR2053842.mrca.price2016-2754372
price2016-2754372	price2016-2754372-re5	1336773	1337422	650	2	-;SAOUHSC_01394	SRR3731418.SRR2053842.mrca.price2016-2754372
price2016-2754372	price2016-2754372-re6	2039903	2040313	411	2	SAOUHSC_02180	SRR3731418.SRR2053842.mrca.price2016-2754372
price2016-2754372	price2016-2754372-re7	2381198	2382016	819	2	SAOUHSC_02589;SAOUHSC_02590	SRR3731418.SRR2053842.mrca.price2016-2754372
price2016-2754372	price2016-2754372-re8	2519579	2519734	156	2	SAOUHSC_02740	SRR3731418.SRR2053842.mrca.price2016-2754372
price2016-2953604	price2016-2953604-re1	2046446	2046452	7	3	SAOUHSC_02182	SRR3731786.SRR3728401.mrca.price2016-2953604
price2016-3126186	price2016-3126186-re1	2045605	2045609	5	2	SAOUHSC_02182	SRR3731557.SRR3729030.mrca.price2016-3126186
price2016-3364917	price2016-3364917-re1	1477138	1477144	7	2	SAOUHSC_01525	SRR3731728.SRR3728792.mrca.price2016-3364917
price2016-3435254	price2016-3435254-re1	679896	680586	691	2	-;SAOUHSC_00695	SRR3729498.SRR2054104.mrca.price2016-3435254
price2016-3448212	price2016-3448212-re1	1926987	1926994	8	3	SAOUHSC_02022	SRR3729034.SRR3728568.mrca.price2016-3448212
price2016-H106	price2016-H106-re1	1488783	1488921	139	4	SAOUHSC_01541	SRR3728679.SRR3729434.mrca.price2016-H106
price2016-H111	price2016-H111-re1	2317417	2317904	488	2	SAOUHSC_02512;SAOUHSC_02512;SAOUHSC_02515	SRR3728546.SRR3731333.mrca.price2016-H111
price2016-H119	price2016-H119-re1	1926650	1928707	2058	7	SAOUHSC_02021;SAOUHSC_02022;SAOUHSC_02023	SRR3728568.SRR3729034.mrca.price2016-H119
price2016-H119	price2016-H119-re2	1931024	1934597	3574	45	SAOUHSC_02027;SAOUHSC_02028;SAOUHSC_02029	SRR3728568.SRR3729034.mrca.price2016-H119;SRR3728597.SRR3729034.mrca.price2016-H119;SRR3731671.SRR3729034.mrca.price2016-H119;SRR3728663.SRR3729034.mrca.price2016-H119;SRR3729321.SRR3729034.mrca.price2016-H119
price2016-H119	price2016-H119-re3	1966234	1967015	782	2	SAOUHSC_02089;SAOUHSC_02090	SRR3728568.SRR3729034.mrca.price2016-H119
price2016-H119	price2016-H119-re4	2063228	2063324	97	2	SAOUHSC_02216	SRR3728568.SRR3729034.mrca.price2016-H119
price2016-H122	price2016-H122-re1	2043615	2043876	262	9	SAOUHSC_02181	SRR3729491.SRR3731544.mrca.price2016-H122;SRR3728418.SRR3731544.mrca.price2016-H122
price2016-H122	price2016-H122-re2	2054974	2055997	1024	3	SAOUHSC_02194;SAOUHSC_02196	SRR3728418.SRR3731544.mrca.price2016-H122
price2016-H123	price2016-H123-re1	337531	337840	310	2	SAOUHSC_00324;-	SRR3729210.14623_6#43.mrca.price2016-H123
price2016-H123	price2016-H123-re2	635362	636306	945	2	SAOUHSC_00646;SAOUHSC_00647	SRR3729210.14623_6#43.mrca.price2016-H123
price2016-H123	price2016-H123-re3	642055	642087	33	2	SAOUHSC_00653	SRR3729210.14623_6#43.mrca.price2016-H123
price2016-H123	price2016-H123-re4	1468004	1468807	804	3	SAOUHSC_01520;SAOUHSC_01521	SRR3729210.14623_6#43.mrca.price2016-H123
price2016-H123	price2016-H123-re5	1487335	1487515	181	6	SAOUHSC_01538	SRR3729210.14623_6#43.mrca.price2016-H123
price2016-H123	price2016-H123-re6	1590863	1591383	521	2	SAOUHSC_01681;SAOUHSC_01682	SRR3729210.14623_6#43.mrca.price2016-H123
price2016-H125	price2016-H125-re1	2038549	2040204	1656	7	SAOUHSC_02178;-;SAOUHSC_02179;SAOUHSC_02180	SRR3730616.SRR5250242.mrca.price2016-H125
price2016-H137	price2016-H137-re1	2063778	2063961	184	3	SAOUHSC_02216	SRR3730786.SRR3730920.mrca.price2016-H137;SRR3728548.SRR3730920.mrca.price2016-H137
price2016-H144	price2016-H144-re1	1580195	1580415	221	2	SAOUHSC_01666	SRR3730491.SRR5250155.mrca.price2016-H144
price2016-H144	price2016-H144-re2	1927009	1927187	179	2	SAOUHSC_02022	SRR3728735.SRR5250155.mrca.price2016-H144
price2016-H158	price2016-H158-re1	1928376	1928783	408	6	SAOUHSC_02023	SRR3728394.SRR5250075.mrca.price2016-H158;SRR3731833.SRR5250075.mrca.price2016-H158
price2016-H158	price2016-H158-re2	1934939	1935446	508	2	SAOUHSC_02030	SRR3728394.SRR5250075.mrca.price2016-H158
price2016-H158	price2016-H158-re3	2063556	2064039	484	4	SAOUHSC_02216;SAOUHSC_02217	SRR3728394.SRR5250075.mrca.price2016-H158;SRR3731527.SRR5250075.mrca.price2016-H158
price2016-H160	price2016-H160-re1	1931914	1932046	133	2	SAOUHSC_02028	SRR3731501.14324_8#90.mrca.price2016-H160
price2016-H160	price2016-H160-re2	1933149	1934088	940	2	SAOUHSC_02029	SRR3731762.14324_8#90.mrca.price2016-H160
price2016-H173	price2016-H173-re1	595310	595347	38	3	-	SRR3728382.SRR3729220.mrca.price2016-H173
price2016-H173	price2016-H173-re2	1242316	1242324	9	2	-	SRR3728620.SRR3729220.mrca.price2016-H173
price2016-H173	price2016-H173-re3	1316716	1316810	95	2	SAOUHSC_01372;-	SRR3728382.SRR3729220.mrca.price2016-H173
price2016-H173	price2016-H173-re4	1662876	1662888	13	2	SAOUHSC_01763	SRR3728720.SRR3729220.mrca.price2016-H173
price2016-H173	price2016-H173-re5	1861367	1861934	568	3	-;SAOUHSC_01956	SRR3728382.SRR3729220.mrca.price2016-H173;SRR3729425.SRR3729220.mrca.price2016-H173
price2016-H173	price2016-H173-re6	2039613	2040268	656	8	SAOUHSC_02180	SRR3729459.SRR3729220.mrca.price2016-H173;SRR3728382.SRR3729220.mrca.price2016-H173;SRR3728976.SRR3729220.mrca.price2016-H173;SRR3728620.SRR3729220.mrca.price2016-H173
price2016-H173	price2016-H173-re7	2070807	2070856	50	2	-;SAOUHSC_02233	SRR3731565.SRR3729220.mrca.price2016-H173
price2016-H173	price2016-H173-re8	2813426	2813433	8	2	SAOUHSC_03046	SRR3731565.SRR3729220.mrca.price2016-H173
price2016-H180	price2016-H180-re1	809941	809958	18	2	-	SRR3728916.SRR3729372.mrca.price2016-H180
price2016-H180	price2016-H180-re2	2032288	2033039	752	4	-;SAOUHSC_02164;SAOUHSC_02166	SRR3728492.SRR3729372.mrca.price2016-H180
price2016-H187	price2016-H187-re1	1924534	1926546	2013	49	-;SAOUHSC_02019	SRR3729051.SRR3731686.mrca.price2016-H187
price2016-H187	price2016-H187-re2	1927645	1928740	1096	9	SAOUHSC_02022;SAOUHSC_02023	SRR3729051.SRR3731686.mrca.price2016-H187
price2016-H187	price2016-H187-re3	1930713	1935380	4668	56	SAOUHSC_02027;SAOUHSC_02028;SAOUHSC_02029;SAOUHSC_02030	SRR3729051.SRR3731686.mrca.price2016-H187
price2016-H187	price2016-H187-re4	1962097	1962112	16	2	SAOUHSC_02080	SRR3729051.SRR3731686.mrca.price2016-H187
price2016-H200	price2016-H200-re1	1467801	1468331	531	9	SAOUHSC_01520	SRR3730696.SRR3731670.mrca.price2016-H200
price2016-H200	price2016-H200-re2	1471441	1473091	1651	4	SAOUHSC_01523;SAOUHSC_01524	SRR3730696.SRR3731670.mrca.price2016-H200
price2016-H200	price2016-H200-re3	1475944	1476820	877	7	SAOUHSC_01525	SRR3730696.SRR3731670.mrca.price2016-H200
price2016-H200	price2016-H200-re4	1489653	1491470	1818	11	SAOUHSC_01542;SAOUHSC_01544;-;SAOUHSC_01546	SRR3730696.SRR3731670.mrca.price2016-H200
price2016-H200	price2016-H200-re5	1499403	1499510	108	2	SAOUHSC_01563	SRR3730696.SRR3731670.mrca.price2016-H200
price2016-H200	price2016-H200-re6	1501599	1501704	106	4	SAOUHSC_01567	SRR3730696.SRR3731670.mrca.price2016-H200
price2016-H202	price2016-H202-re1	1940878	1940884	7	2	SAOUHSC_02033	SRR3728377.SRR5250540.mrca.price2016-H202
price2016-H202	price2016-H202-re2	2046302	2046305	4	2	SAOUHSC_02182	SRR3731616.SRR5250540.mrca.price2016-H202
price2016-H202	price2016-H202-re3	2063095	2063570	476	12	SAOUHSC_02215;SAOUHSC_02216	SRR3731796.SRR5250540.mrca.price2016-H202
price2016-H211	price2016-H211-re1	601376	601984	609	2	SAOUHSC_00609;SAOUHSC_00611	SRR3730915.SRR3731437.mrca.price2016-H211
price2016-H213	price2016-H213-re1	1927009	1927015	7	3	SAOUHSC_02022	SRR3730576.SRR3729343.mrca.price2016-H213
price2016-H215	price2016-H215-re1	1454367	1454525	159	2	SAOUHSC_01501	SRR3728396.SRR3729255.mrca.price2016-H215
price2016-H228	price2016-H228-re1	1931914	1932247	334	4	SAOUHSC_02028	SRR3728423.SRR2053898.mrca.price2016-H228
price2016-H228	price2016-H228-re2	2068093	2068103	11	3	SAOUHSC_02225	SRR3729316.SRR2053898.mrca.price2016-H228;SRR3728423.SRR2053898.mrca.price2016-H228
price2016-H234	price2016-H234-re1	1928521	1928602	82	6	SAOUHSC_02023	SRR3731416.SRR3731784.mrca.price2016-H234
price2016-H234	price2016-H234-re2	1934969	1934975	7	3	SAOUHSC_02030	SRR3730645.SRR3731784.mrca.price2016-H234
price2016-H251	price2016-H251-re1	1269313	1269363	51	2	SAOUHSC_01326	SRR3728645.SRR2054031.mrca.price2016-H251
price2016-H251	price2016-H251-re2	1467044	1468004	961	4	SAOUHSC_01519;SAOUHSC_01520	SRR3729194.SRR2054031.mrca.price2016-H251
price2016-H251	price2016-H251-re3	1470148	1472061	1914	23	SAOUHSC_01521;SAOUHSC_01522;SAOUHSC_01523	SRR3729194.SRR2054031.mrca.price2016-H251
price2016-H251	price2016-H251-re4	1473508	1475080	1573	6	SAOUHSC_01525	SRR3729194.SRR2054031.mrca.price2016-H251
price2016-H251	price2016-H251-re5	1486966	1487245	280	2	SAOUHSC_01538	SRR3729194.SRR2054031.mrca.price2016-H251
price2016-H251	price2016-H251-re6	1490762	1493530	2769	21	-;SAOUHSC_01545;SAOUHSC_01546;SAOUHSC_01547;SAOUHSC_01548	SRR3729194.SRR2054031.mrca.price2016-H251
price2016-H251	price2016-H251-re7	1498276	1500625	2350	10	SAOUHSC_01563;SAOUHSC_01566	SRR3729194.SRR2054031.mrca.price2016-H251
price2016-H251	price2016-H251-re8	1501704	1501946	243	5	SAOUHSC_01567;SAOUHSC_01568	SRR3729194.SRR2054031.mrca.price2016-H251
price2016-H251	price2016-H251-re9	1619742	1619796	55	2	-	SRR3728645.SRR2054031.mrca.price2016-H251
price2016-H251	price2016-H251-re10	1942634	1942727	94	5	SAOUHSC_02037	SRR3728645.SRR2054031.mrca.price2016-H251
price2016-H251	price2016-H251-re11	2787721	2787812	92	2	SAOUHSC_03014	SRR3728645.SRR2054031.mrca.price2016-H251
price2016-H264	price2016-H264-re1	345261	345662	402	2	SAOUHSC_00334	SRR3730705.SRR3730757.mrca.price2016-H264
price2016-H264	price2016-H264-re2	440617	440774	158	2	SAOUHSC_00437	SRR3730705.SRR3730757.mrca.price2016-H264
price2016-H264	price2016-H264-re3	926559	926679	121	2	SAOUHSC_00952	SRR3730705.SRR3730757.mrca.price2016-H264
price2016-H264	price2016-H264-re4	958330	959043	714	2	SAOUHSC_00987	SRR3730705.SRR3730757.mrca.price2016-H264
price2016-H264	price2016-H264-re5	1528505	1528749	245	2	SAOUHSC_01602	SRR3730705.SRR3730757.mrca.price2016-H264
price2016-H264	price2016-H264-re6	1596171	1596829	659	2	-;SAOUHSC_01686	SRR3730705.SRR3730757.mrca.price2016-H264
price2016-H264	price2016-H264-re7	2252274	2252288	15	2	SAOUHSC_02424	SRR3730705.SRR3730757.mrca.price2016-H264
price2016-H264	price2016-H264-re8	2650063	2650964	902	2	SAOUHSC_02876;SAOUHSC_02877	SRR3730705.SRR3730757.mrca.price2016-H264
price2016-H275	price2016-H275-re1	1474744	1474861	118	4	SAOUHSC_01525	SRR3729081.SRR2054032.mrca.price2016-H275
price2016-H277	price2016-H277-re1	86900	87795	896	2	SAOUHSC_00080	SRR3728385.SRR5250061.mrca.price2016-H277
price2016-H277	price2016-H277-re2	177192	177901	710	2	-;SAOUHSC_00163	SRR3728657.SRR5250061.mrca.price2016-H277
price2016-H277	price2016-H277-re3	742781	743653	873	2	SAOUHSC_00759;SAOUHSC_00760	SRR3728385.SRR5250061.mrca.price2016-H277
price2016-H277	price2016-H277-re4	956474	956825	352	2	SAOUHSC_00984;SAOUHSC_00985	SRR3728657.SRR5250061.mrca.price2016-H277
price2016-H277	price2016-H277-re5	1327454	1328065	612	2	SAOUHSC_01383;SAOUHSC_01384	SRR3728385.SRR5250061.mrca.price2016-H277
price2016-H277	price2016-H277-re6	1563892	1564574	683	2	SAOUHSC_01649;-	SRR3728657.SRR5250061.mrca.price2016-H277
price2016-H277	price2016-H277-re7	1677196	1677795	600	2	SAOUHSC_01777;-	SRR3728385.SRR5250061.mrca.price2016-H277
price2016-H277	price2016-H277-re8	2219637	2220431	795	2	SAOUHSC_02400	SRR3728657.SRR5250061.mrca.price2016-H277
price2016-H277	price2016-H277-re9	2310166	2310920	755	2	SAOUHSC_02495;SAOUHSC_02496	SRR3728657.SRR5250061.mrca.price2016-H277
price2016-H277	price2016-H277-re10	2577122	2577772	651	2	SAOUHSC_02801;SAOUHSC_02801;SAOUHSC_02802	SRR3728385.SRR5250061.mrca.price2016-H277
price2016-H299	price2016-H299-re1	2037090	2037343	254	2	SAOUHSC_02173;SAOUHSC_02174	SRR3728390.SRR3731874.mrca.price2016-H299
price2016-H299	price2016-H299-re2	2040921	2043354	2434	7	SAOUHSC_02180;SAOUHSC_02181	SRR3728390.SRR3731874.mrca.price2016-H299
price2016-H299	price2016-H299-re3	2045666	2046509	844	11	SAOUHSC_02182	SRR3728390.SRR3731874.mrca.price2016-H299;SRR3728507.SRR3731874.mrca.price2016-H299;SRR3729042.SRR3731874.mrca.price2016-H299
price2016-H299	price2016-H299-re4	2073953	2074334	382	3	SAOUHSC_02239	SRR3728390.SRR3731874.mrca.price2016-H299
price2016-H318	price2016-H318-re1	1962160	1962343	184	5	SAOUHSC_02080	SRR3729012.SRR5250327.mrca.price2016-H318
price2016-H318	price2016-H318-re2	2068103	2068207	105	5	SAOUHSC_02225	SRR3730466.SRR5250327.mrca.price2016-H318
tong2015-T95	tong2015-T95-re1	2085329	2085639	311	3	SAOUHSC_02250	5227_2#8.5704_7#12.mrca.tong2015-T95
young2017-P019	young2017-P019-re1	1928533	1928596	64	6	SAOUHSC_02023	SRR5249989.SRR3731550.mrca.young2017-P019;SRR5250550.SRR3731550.mrca.young2017-P019
young2017-P026	young2017-P026-re1	2036552	2036789	238	2	SAOUHSC_02173	SRR5249972.SRR3731758.mrca.young2017-P026
young2017-P029	young2017-P029-re1	1925934	1925942	9	2	SAOUHSC_02019	SRR5250432.SRR3729080.mrca.young2017-P029
young2017-P029	young2017-P029-re2	2063229	2063763	535	2	SAOUHSC_02216	SRR5250418.SRR3729080.mrca.young2017-P029
young2017-P050	young2017-P050-re1	2046353	2046452	100	6	SAOUHSC_02182	SRR5250582.SRR3730776.mrca.young2017-P050;SRR5251414.SRR3730776.mrca.young2017-P050
young2017-P052	young2017-P052-re1	2032114	2033824	1711	6	-;SAOUHSC_02165;SAOUHSC_02166;SAOUHSC_02167	SRR5250238.SRR3728996.mrca.young2017-P052
young2017-P052	young2017-P052-re2	2039643	2040175	533	2	SAOUHSC_02180	SRR5250238.SRR3728996.mrca.young2017-P052
young2017-P052	young2017-P052-re3	2041330	2042226	897	14	SAOUHSC_02180	SRR5250238.SRR3728996.mrca.young2017-P052
young2017-P052	young2017-P052-re4	2043366	2043513	148	2	SAOUHSC_02181	SRR5250238.SRR3728996.mrca.young2017-P052
young2017-P052	young2017-P052-re5	2045467	2046548	1082	8	SAOUHSC_02182	SRR5250238.SRR3728996.mrca.young2017-P052;SRR5251393.SRR3728996.mrca.young2017-P052
young2017-P052	young2017-P052-re6	2073734	2073968	235	4	SAOUHSC_02239	SRR5250238.SRR3728996.mrca.young2017-P052
young2017-P057	young2017-P057-re1	2067624	2067639	16	2	SAOUHSC_02223	SRR5250050.SRR2054029.mrca.young2017-P057
young2017-P064	young2017-P064-re1	1928440	1928783	344	4	SAOUHSC_02023	SRR5250433.SRR3731686.mrca.young2017-P064;SRR5250719.SRR3731686.mrca.young2017-P064
young2017-P066	young2017-P066-re1	1928783	1928790	8	2	SAOUHSC_02023	SRR5249875.ERR1040941.mrca.young2017-P066
young2017-P075	young2017-P075-re1	2068391	2069075	685	2	-;SAOUHSC_02227	SRR5249871.SRR2054009.mrca.young2017-P075
young2017-P080	young2017-P080-re1	1931263	1931488	226	3	SAOUHSC_02028	SRR5249907.SRR5250616.mrca.young2017-P080;SRR5250824.SRR5250616.mrca.young2017-P080
young2017-P085	young2017-P085-re1	1925985	1926007	23	2	SAOUHSC_02019	SRR5250698.SRR3729243.mrca.young2017-P085
young2017-P085	young2017-P085-re2	1962214	1962223	10	2	SAOUHSC_02080	SRR5250548.SRR3729243.mrca.young2017-P085
young2017-P085	young2017-P085-re3	2037396	2038333	938	2	-;SAOUHSC_02178	SRR5251361.SRR3729243.mrca.young2017-P085
young2017-P085	young2017-P085-re4	2059149	2059962	814	2	SAOUHSC_A02094;SAOUHSC_02205	SRR5250698.SRR3729243.mrca.young2017-P085
young2017-P085	young2017-P085-re5	2063289	2063687	399	3	SAOUHSC_02216	SRR5250698.SRR3729243.mrca.young2017-P085;SRR5251361.SRR3729243.mrca.young2017-P085
young2017-P089	young2017-P089-re1	2068391	2069217	827	3	-;SAOUHSC_02227	SRR5250353.SRR3730423.mrca.young2017-P089;SRR5250522.SRR3730423.mrca.young2017-P089
young2017-P093	young2017-P093-re1	1507555	1507558	4	2	SAOUHSC_01582	SRR5249939.SRR3729024.mrca.young2017-P093
young2017-P094	young2017-P094-re1	159402	159957	556	2	SAOUHSC_00148	SRR5249970.8525_1#95.mrca.young2017-P094
young2017-P094	young2017-P094-re2	668328	668889	562	3	SAOUHSC_00681	SRR5249970.8525_1#95.mrca.young2017-P094
young2017-P094	young2017-P094-re3	2009565	2010471	907	3	-;SAOUHSC_02137	SRR5249970.8525_1#95.mrca.young2017-P094
young2017-P094	young2017-P094-re4	2074206	2074334	129	2	SAOUHSC_02239	SRR5250498.8525_1#95.mrca.young2017-P094
young2017-P094	young2017-P094-re5	2216838	2216984	147	2	-	SRR5249970.8525_1#95.mrca.young2017-P094
young2017-P095	young2017-P095-re1	1926322	1929451	3130	25	SAOUHSC_02020;SAOUHSC_02021;SAOUHSC_02022;SAOUHSC_02023	SRR5250162.SRR5250576.mrca.young2017-P095
young2017-P095	young2017-P095-re2	1933113	1933746	634	12	SAOUHSC_02029	SRR5250162.SRR5250576.mrca.young2017-P095
young2017-P095	young2017-P095-re3	1934790	1935704	915	19	SAOUHSC_02029;-;SAOUHSC_02030	SRR5250162.SRR5250576.mrca.young2017-P095
young2017-P095	young2017-P095-re4	1936834	1940657	3824	20	SAOUHSC_02031;SAOUHSC_02033	SRR5250162.SRR5250576.mrca.young2017-P095
young2017-P095	young2017-P095-re5	1941664	1944163	2500	31	SAOUHSC_02035;SAOUHSC_02036;SAOUHSC_02037;SAOUHSC_02038;SAOUHSC_02040;SAOUHSC_02041;SAOUHSC_02042	SRR5250162.SRR5250576.mrca.young2017-P095
young2017-P095	young2017-P095-re6	1946147	1946618	472	5	SAOUHSC_02046;-;SAOUHSC_02047	SRR5250162.SRR5250576.mrca.young2017-P095;SRR5250616.SRR5250576.mrca.young2017-P095
young2017-P095	young2017-P095-re7	1949971	1951305	1335	11	SAOUHSC_02049;SAOUHSC_02050;-;SAOUHSC_02052;SAOUHSC_02053	SRR5250162.SRR5250576.mrca.young2017-P095
young2017-P095	young2017-P095-re8	1961809	1962112	304	6	SAOUHSC_02080	SRR5249904.SRR5250576.mrca.young2017-P095
young2017-P099	young2017-P099-re1	1465720	1465777	58	6	SAOUHSC_01515	SRR5250385.8447_7#70.mrca.young2017-P099
young2017-P099	young2017-P099-re2	1960003	1960023	21	2	SAOUHSC_02074	SRR5250296.8447_7#70.mrca.young2017-P099
