window_i	window_start	window_end	window_size	num_patients	mean_density
1	1	2000	2000	0	0
2	1001	3000	2000	0	0
3	2001	4000	2000	0	0
4	3001	5000	2000	0	0
5	4001	6000	2000	0	0
6	5001	7000	2000	0	0
7	6001	8000	2000	0	0
8	7001	9000	2000	0	0
9	8001	10000	2000	0	0
10	9001	11000	2000	0	0
11	10001	12000	2000	0	0
12	11001	13000	2000	0	0
13	12001	14000	2000	0	0
14	13001	15000	2000	0	0
15	14001	16000	2000	0	0
16	15001	17000	2000	0	0
17	16001	18000	2000	0	0
18	17001	19000	2000	0	0
19	18001	20000	2000	0	0
20	19001	21000	2000	0	0
21	20001	22000	2000	0	0
22	21001	23000	2000	0	0
23	22001	24000	2000	0	0
24	23001	25000	2000	0	0
25	24001	26000	2000	0	0
26	25001	27000	2000	0	0
27	26001	28000	2000	0	0
28	27001	29000	2000	0	0
29	28001	30000	2000	0	0
30	29001	31000	2000	0	0
31	30001	32000	2000	0	0
32	31001	33000	2000	0	0
33	32001	34000	2000	0	0
34	33001	35000	2000	0	0
35	34001	36000	2000	0	0
36	35001	37000	2000	0	0
37	36001	38000	2000	0	0
38	37001	39000	2000	0	0
39	38001	40000	2000	0	0
40	39001	41000	2000	0	0
41	40001	42000	2000	0	0
42	41001	43000	2000	0	0
43	42001	44000	2000	0	0
44	43001	45000	2000	0	0
45	44001	46000	2000	0	0
46	45001	47000	2000	0	0
47	46001	48000	2000	0	0
48	47001	49000	2000	0	0
49	48001	50000	2000	0	0
50	49001	51000	2000	0	0
51	50001	52000	2000	0	0
52	51001	53000	2000	0	0
53	52001	54000	2000	1	2.5
54	53001	55000	2000	1	2.5
55	54001	56000	2000	0	0
56	55001	57000	2000	0	0
57	56001	58000	2000	0	0
58	57001	59000	2000	0	0
59	58001	60000	2000	0	0
60	59001	61000	2000	0	0
61	60001	62000	2000	0	0
62	61001	63000	2000	0	0
63	62001	64000	2000	0	0
64	63001	65000	2000	0	0
65	64001	66000	2000	0	0
66	65001	67000	2000	0	0
67	66001	68000	2000	0	0
68	67001	69000	2000	0	0
69	68001	70000	2000	0	0
70	69001	71000	2000	0	0
71	70001	72000	2000	0	0
72	71001	73000	2000	0	0
73	72001	74000	2000	0	0
74	73001	75000	2000	0	0
75	74001	76000	2000	0	0
76	75001	77000	2000	0	0
77	76001	78000	2000	0	0
78	77001	79000	2000	1	1
79	78001	80000	2000	2	0.75
80	79001	81000	2000	1	1
81	80001	82000	2000	1	0.5
82	81001	83000	2000	0	0
83	82001	84000	2000	0	0
84	83001	85000	2000	0	0
85	84001	86000	2000	0	0
86	85001	87000	2000	1	0.5
87	86001	88000	2000	1	1
88	87001	89000	2000	1	0.5
89	88001	90000	2000	0	0
90	89001	91000	2000	0	0
91	90001	92000	2000	0	0
92	91001	93000	2000	0	0
93	92001	94000	2000	0	0
94	93001	95000	2000	0	0
95	94001	96000	2000	0	0
96	95001	97000	2000	0	0
97	96001	98000	2000	0	0
98	97001	99000	2000	0	0
99	98001	1e+05	2000	0	0
100	99001	101000	2000	0	0
101	100001	102000	2000	0	0
102	101001	103000	2000	0	0
103	102001	104000	2000	0	0
104	103001	105000	2000	0	0
105	104001	106000	2000	0	0
106	105001	107000	2000	0	0
107	106001	108000	2000	0	0
108	107001	109000	2000	0	0
109	108001	110000	2000	0	0
110	109001	111000	2000	0	0
111	110001	112000	2000	0	0
112	111001	113000	2000	0	0
113	112001	114000	2000	0	0
114	113001	115000	2000	0	0
115	114001	116000	2000	0	0
116	115001	117000	2000	0	0
117	116001	118000	2000	0	0
118	117001	119000	2000	0	0
119	118001	120000	2000	1	1
120	119001	121000	2000	1	1
121	120001	122000	2000	0	0
122	121001	123000	2000	0	0
123	122001	124000	2000	0	0
124	123001	125000	2000	0	0
125	124001	126000	2000	0	0
126	125001	127000	2000	0	0
127	126001	128000	2000	0	0
128	127001	129000	2000	0	0
129	128001	130000	2000	0	0
130	129001	131000	2000	0	0
131	130001	132000	2000	0	0
132	131001	133000	2000	0	0
133	132001	134000	2000	0	0
134	133001	135000	2000	0	0
135	134001	136000	2000	0	0
136	135001	137000	2000	0	0
137	136001	138000	2000	0	0
138	137001	139000	2000	0	0
139	138001	140000	2000	0	0
140	139001	141000	2000	1	1
141	140001	142000	2000	1	1.5
142	141001	143000	2000	1	0.5
143	142001	144000	2000	0	0
144	143001	145000	2000	0	0
145	144001	146000	2000	0	0
146	145001	147000	2000	0	0
147	146001	148000	2000	0	0
148	147001	149000	2000	0	0
149	148001	150000	2000	0	0
150	149001	151000	2000	0	0
151	150001	152000	2000	0	0
152	151001	153000	2000	0	0
153	152001	154000	2000	0	0
154	153001	155000	2000	0	0
155	154001	156000	2000	0	0
156	155001	157000	2000	0	0
157	156001	158000	2000	0	0
158	157001	159000	2000	0	0
159	158001	160000	2000	1	1
160	159001	161000	2000	1	1
161	160001	162000	2000	0	0
162	161001	163000	2000	0	0
163	162001	164000	2000	0	0
164	163001	165000	2000	0	0
165	164001	166000	2000	0	0
166	165001	167000	2000	0	0
167	166001	168000	2000	0	0
168	167001	169000	2000	0	0
169	168001	170000	2000	0	0
170	169001	171000	2000	1	0.5
171	170001	172000	2000	1	1
172	171001	173000	2000	1	0.5
173	172001	174000	2000	0	0
174	173001	175000	2000	2	1
175	174001	176000	2000	2	1
176	175001	177000	2000	0	0
177	176001	178000	2000	1	1
178	177001	179000	2000	1	1
179	178001	180000	2000	0	0
180	179001	181000	2000	0	0
181	180001	182000	2000	0	0
182	181001	183000	2000	0	0
183	182001	184000	2000	0	0
184	183001	185000	2000	0	0
185	184001	186000	2000	0	0
186	185001	187000	2000	0	0
187	186001	188000	2000	0	0
188	187001	189000	2000	0	0
189	188001	190000	2000	0	0
190	189001	191000	2000	0	0
191	190001	192000	2000	0	0
192	191001	193000	2000	0	0
193	192001	194000	2000	0	0
194	193001	195000	2000	0	0
195	194001	196000	2000	0	0
196	195001	197000	2000	1	0.5
197	196001	198000	2000	1	1
198	197001	199000	2000	1	0.5
199	198001	2e+05	2000	0	0
200	199001	201000	2000	0	0
201	200001	202000	2000	0	0
202	201001	203000	2000	0	0
203	202001	204000	2000	0	0
204	203001	205000	2000	0	0
205	204001	206000	2000	0	0
206	205001	207000	2000	0	0
207	206001	208000	2000	0	0
208	207001	209000	2000	0	0
209	208001	210000	2000	0	0
210	209001	211000	2000	0	0
211	210001	212000	2000	0	0
212	211001	213000	2000	0	0
213	212001	214000	2000	0	0
214	213001	215000	2000	0	0
215	214001	216000	2000	1	1
216	215001	217000	2000	1	1
217	216001	218000	2000	0	0
218	217001	219000	2000	0	0
219	218001	220000	2000	0	0
220	219001	221000	2000	0	0
221	220001	222000	2000	0	0
222	221001	223000	2000	0	0
223	222001	224000	2000	0	0
224	223001	225000	2000	0	0
225	224001	226000	2000	0	0
226	225001	227000	2000	0	0
227	226001	228000	2000	1	1
228	227001	229000	2000	1	1
229	228001	230000	2000	0	0
230	229001	231000	2000	0	0
231	230001	232000	2000	0	0
232	231001	233000	2000	0	0
233	232001	234000	2000	1	1.5
234	233001	235000	2000	1	1.5
235	234001	236000	2000	0	0
236	235001	237000	2000	0	0
237	236001	238000	2000	0	0
238	237001	239000	2000	0	0
239	238001	240000	2000	0	0
240	239001	241000	2000	0	0
241	240001	242000	2000	0	0
242	241001	243000	2000	0	0
243	242001	244000	2000	0	0
244	243001	245000	2000	0	0
245	244001	246000	2000	0	0
246	245001	247000	2000	0	0
247	246001	248000	2000	0	0
248	247001	249000	2000	0	0
249	248001	250000	2000	0	0
250	249001	251000	2000	0	0
251	250001	252000	2000	0	0
252	251001	253000	2000	0	0
253	252001	254000	2000	0	0
254	253001	255000	2000	0	0
255	254001	256000	2000	0	0
256	255001	257000	2000	0	0
257	256001	258000	2000	0	0
258	257001	259000	2000	0	0
259	258001	260000	2000	0	0
260	259001	261000	2000	0	0
261	260001	262000	2000	0	0
262	261001	263000	2000	0	0
263	262001	264000	2000	0	0
264	263001	265000	2000	0	0
265	264001	266000	2000	0	0
266	265001	267000	2000	0	0
267	266001	268000	2000	0	0
268	267001	269000	2000	0	0
269	268001	270000	2000	0	0
270	269001	271000	2000	0	0
271	270001	272000	2000	0	0
272	271001	273000	2000	0	0
273	272001	274000	2000	0	0
274	273001	275000	2000	0	0
275	274001	276000	2000	0	0
276	275001	277000	2000	0	0
277	276001	278000	2000	0	0
278	277001	279000	2000	0	0
279	278001	280000	2000	0	0
280	279001	281000	2000	0	0
281	280001	282000	2000	0	0
282	281001	283000	2000	0	0
283	282001	284000	2000	0	0
284	283001	285000	2000	0	0
285	284001	286000	2000	0	0
286	285001	287000	2000	0	0
287	286001	288000	2000	0	0
288	287001	289000	2000	0	0
289	288001	290000	2000	0	0
290	289001	291000	2000	0	0
291	290001	292000	2000	0	0
292	291001	293000	2000	0	0
293	292001	294000	2000	0	0
294	293001	295000	2000	0	0
295	294001	296000	2000	0	0
296	295001	297000	2000	0	0
297	296001	298000	2000	0	0
298	297001	299000	2000	0	0
299	298001	3e+05	2000	0	0
300	299001	301000	2000	0	0
301	300001	302000	2000	0	0
302	301001	303000	2000	0	0
303	302001	304000	2000	0	0
304	303001	305000	2000	0	0
305	304001	306000	2000	0	0
306	305001	307000	2000	1	1
307	306001	308000	2000	1	1
308	307001	309000	2000	0	0
309	308001	310000	2000	0	0
310	309001	311000	2000	0	0
311	310001	312000	2000	0	0
312	311001	313000	2000	0	0
313	312001	314000	2000	0	0
314	313001	315000	2000	0	0
315	314001	316000	2000	0	0
316	315001	317000	2000	1	1
317	316001	318000	2000	1	1
318	317001	319000	2000	0	0
319	318001	320000	2000	0	0
320	319001	321000	2000	0	0
321	320001	322000	2000	1	0.5
322	321001	323000	2000	1	1
323	322001	324000	2000	1	0.5
324	323001	325000	2000	0	0
325	324001	326000	2000	0	0
326	325001	327000	2000	0	0
327	326001	328000	2000	0	0
328	327001	329000	2000	0	0
329	328001	330000	2000	0	0
330	329001	331000	2000	0	0
331	330001	332000	2000	0	0
332	331001	333000	2000	0	0
333	332001	334000	2000	0	0
334	333001	335000	2000	0	0
335	334001	336000	2000	0	0
336	335001	337000	2000	1	1
337	336001	338000	2000	2	1
338	337001	339000	2000	1	1
339	338001	340000	2000	0	0
340	339001	341000	2000	0	0
341	340001	342000	2000	0	0
342	341001	343000	2000	0	0
343	342001	344000	2000	0	0
344	343001	345000	2000	0	0
345	344001	346000	2000	1	1
346	345001	347000	2000	1	1
347	346001	348000	2000	0	0
348	347001	349000	2000	0	0
349	348001	350000	2000	0	0
350	349001	351000	2000	0	0
351	350001	352000	2000	0	0
352	351001	353000	2000	0	0
353	352001	354000	2000	0	0
354	353001	355000	2000	0	0
355	354001	356000	2000	0	0
356	355001	357000	2000	0	0
357	356001	358000	2000	0	0
358	357001	359000	2000	0	0
359	358001	360000	2000	0	0
360	359001	361000	2000	0	0
361	360001	362000	2000	0	0
362	361001	363000	2000	0	0
363	362001	364000	2000	0	0
364	363001	365000	2000	0	0
365	364001	366000	2000	0	0
366	365001	367000	2000	0	0
367	366001	368000	2000	0	0
368	367001	369000	2000	0	0
369	368001	370000	2000	0	0
370	369001	371000	2000	0	0
371	370001	372000	2000	0	0
372	371001	373000	2000	0	0
373	372001	374000	2000	0	0
374	373001	375000	2000	0	0
375	374001	376000	2000	0	0
376	375001	377000	2000	0	0
377	376001	378000	2000	0	0
378	377001	379000	2000	0	0
379	378001	380000	2000	0	0
380	379001	381000	2000	0	0
381	380001	382000	2000	0	0
382	381001	383000	2000	0	0
383	382001	384000	2000	0	0
384	383001	385000	2000	0	0
385	384001	386000	2000	0	0
386	385001	387000	2000	0	0
387	386001	388000	2000	0	0
388	387001	389000	2000	0	0
389	388001	390000	2000	0	0
390	389001	391000	2000	0	0
391	390001	392000	2000	0	0
392	391001	393000	2000	0	0
393	392001	394000	2000	0	0
394	393001	395000	2000	0	0
395	394001	396000	2000	0	0
396	395001	397000	2000	0	0
397	396001	398000	2000	0	0
398	397001	399000	2000	0	0
399	398001	4e+05	2000	0	0
400	399001	401000	2000	0	0
401	400001	402000	2000	0	0
402	401001	403000	2000	0	0
403	402001	404000	2000	0	0
404	403001	405000	2000	0	0
405	404001	406000	2000	0	0
406	405001	407000	2000	0	0
407	406001	408000	2000	0	0
408	407001	409000	2000	1	1
409	408001	410000	2000	1	1
410	409001	411000	2000	0	0
411	410001	412000	2000	0	0
412	411001	413000	2000	0	0
413	412001	414000	2000	0	0
414	413001	415000	2000	0	0
415	414001	416000	2000	0	0
416	415001	417000	2000	0	0
417	416001	418000	2000	0	0
418	417001	419000	2000	0	0
419	418001	420000	2000	0	0
420	419001	421000	2000	0	0
421	420001	422000	2000	0	0
422	421001	423000	2000	0	0
423	422001	424000	2000	0	0
424	423001	425000	2000	0	0
425	424001	426000	2000	0	0
426	425001	427000	2000	0	0
427	426001	428000	2000	0	0
428	427001	429000	2000	0	0
429	428001	430000	2000	0	0
430	429001	431000	2000	0	0
431	430001	432000	2000	0	0
432	431001	433000	2000	0	0
433	432001	434000	2000	0	0
434	433001	435000	2000	0	0
435	434001	436000	2000	0	0
436	435001	437000	2000	0	0
437	436001	438000	2000	0	0
438	437001	439000	2000	0	0
439	438001	440000	2000	0	0
440	439001	441000	2000	1	1
441	440001	442000	2000	1	1
442	441001	443000	2000	0	0
443	442001	444000	2000	0	0
444	443001	445000	2000	1	0.5
445	444001	446000	2000	1	1
446	445001	447000	2000	1	0.5
447	446001	448000	2000	0	0
448	447001	449000	2000	0	0
449	448001	450000	2000	0	0
450	449001	451000	2000	0	0
451	450001	452000	2000	0	0
452	451001	453000	2000	0	0
453	452001	454000	2000	0	0
454	453001	455000	2000	0	0
455	454001	456000	2000	0	0
456	455001	457000	2000	0	0
457	456001	458000	2000	0	0
458	457001	459000	2000	0	0
459	458001	460000	2000	0	0
460	459001	461000	2000	0	0
461	460001	462000	2000	0	0
462	461001	463000	2000	0	0
463	462001	464000	2000	0	0
464	463001	465000	2000	0	0
465	464001	466000	2000	0	0
466	465001	467000	2000	0	0
467	466001	468000	2000	0	0
468	467001	469000	2000	0	0
469	468001	470000	2000	0	0
470	469001	471000	2000	0	0
471	470001	472000	2000	0	0
472	471001	473000	2000	0	0
473	472001	474000	2000	0	0
474	473001	475000	2000	0	0
475	474001	476000	2000	0	0
476	475001	477000	2000	0	0
477	476001	478000	2000	0	0
478	477001	479000	2000	0	0
479	478001	480000	2000	0	0
480	479001	481000	2000	0	0
481	480001	482000	2000	0	0
482	481001	483000	2000	0	0
483	482001	484000	2000	0	0
484	483001	485000	2000	0	0
485	484001	486000	2000	0	0
486	485001	487000	2000	0	0
487	486001	488000	2000	0	0
488	487001	489000	2000	0	0
489	488001	490000	2000	0	0
490	489001	491000	2000	0	0
491	490001	492000	2000	0	0
492	491001	493000	2000	0	0
493	492001	494000	2000	0	0
494	493001	495000	2000	0	0
495	494001	496000	2000	0	0
496	495001	497000	2000	0	0
497	496001	498000	2000	0	0
498	497001	499000	2000	0	0
499	498001	5e+05	2000	0	0
500	499001	501000	2000	0	0
501	500001	502000	2000	0	0
502	501001	503000	2000	0	0
503	502001	504000	2000	0	0
504	503001	505000	2000	0	0
505	504001	506000	2000	0	0
506	505001	507000	2000	0	0
507	506001	508000	2000	0	0
508	507001	509000	2000	0	0
509	508001	510000	2000	0	0
510	509001	511000	2000	0	0
511	510001	512000	2000	0	0
512	511001	513000	2000	0	0
513	512001	514000	2000	0	0
514	513001	515000	2000	0	0
515	514001	516000	2000	0	0
516	515001	517000	2000	0	0
517	516001	518000	2000	2	1
518	517001	519000	2000	2	1.25
519	518001	520000	2000	1	0.5
520	519001	521000	2000	0	0
521	520001	522000	2000	0	0
522	521001	523000	2000	0	0
523	522001	524000	2000	0	0
524	523001	525000	2000	0	0
525	524001	526000	2000	0	0
526	525001	527000	2000	0	0
527	526001	528000	2000	0	0
528	527001	529000	2000	0	0
529	528001	530000	2000	0	0
530	529001	531000	2000	0	0
531	530001	532000	2000	1	0.5
532	531001	533000	2000	1	1
533	532001	534000	2000	1	0.5
534	533001	535000	2000	0	0
535	534001	536000	2000	1	0.5
536	535001	537000	2000	1	1
537	536001	538000	2000	1	0.5
538	537001	539000	2000	0	0
539	538001	540000	2000	0	0
540	539001	541000	2000	1	1
541	540001	542000	2000	1	1
542	541001	543000	2000	0	0
543	542001	544000	2000	0	0
544	543001	545000	2000	0	0
545	544001	546000	2000	0	0
546	545001	547000	2000	0	0
547	546001	548000	2000	0	0
548	547001	549000	2000	0	0
549	548001	550000	2000	0	0
550	549001	551000	2000	0	0
551	550001	552000	2000	0	0
552	551001	553000	2000	0	0
553	552001	554000	2000	0	0
554	553001	555000	2000	0	0
555	554001	556000	2000	0	0
556	555001	557000	2000	0	0
557	556001	558000	2000	0	0
558	557001	559000	2000	0	0
559	558001	560000	2000	0	0
560	559001	561000	2000	0	0
561	560001	562000	2000	0	0
562	561001	563000	2000	0	0
563	562001	564000	2000	0	0
564	563001	565000	2000	0	0
565	564001	566000	2000	0	0
566	565001	567000	2000	0	0
567	566001	568000	2000	1	1
568	567001	569000	2000	2	1
569	568001	570000	2000	1	1
570	569001	571000	2000	0	0
571	570001	572000	2000	0	0
572	571001	573000	2000	0	0
573	572001	574000	2000	0	0
574	573001	575000	2000	0	0
575	574001	576000	2000	0	0
576	575001	577000	2000	0	0
577	576001	578000	2000	0	0
578	577001	579000	2000	0	0
579	578001	580000	2000	0	0
580	579001	581000	2000	0	0
581	580001	582000	2000	0	0
582	581001	583000	2000	0	0
583	582001	584000	2000	0	0
584	583001	585000	2000	0	0
585	584001	586000	2000	0	0
586	585001	587000	2000	0	0
587	586001	588000	2000	0	0
588	587001	589000	2000	0	0
589	588001	590000	2000	0	0
590	589001	591000	2000	0	0
591	590001	592000	2000	0	0
592	591001	593000	2000	0	0
593	592001	594000	2000	0	0
594	593001	595000	2000	0	0
595	594001	596000	2000	1	1.5
596	595001	597000	2000	1	1.5
597	596001	598000	2000	0	0
598	597001	599000	2000	0	0
599	598001	6e+05	2000	0	0
600	599001	601000	2000	0	0
601	600001	602000	2000	1	1
602	601001	603000	2000	1	1
603	602001	604000	2000	0	0
604	603001	605000	2000	0	0
605	604001	606000	2000	0	0
606	605001	607000	2000	0	0
607	606001	608000	2000	0	0
608	607001	609000	2000	0	0
609	608001	610000	2000	0	0
610	609001	611000	2000	0	0
611	610001	612000	2000	0	0
612	611001	613000	2000	0	0
613	612001	614000	2000	0	0
614	613001	615000	2000	0	0
615	614001	616000	2000	0	0
616	615001	617000	2000	0	0
617	616001	618000	2000	0	0
618	617001	619000	2000	0	0
619	618001	620000	2000	0	0
620	619001	621000	2000	0	0
621	620001	622000	2000	0	0
622	621001	623000	2000	0	0
623	622001	624000	2000	0	0
624	623001	625000	2000	0	0
625	624001	626000	2000	0	0
626	625001	627000	2000	0	0
627	626001	628000	2000	0	0
628	627001	629000	2000	0	0
629	628001	630000	2000	0	0
630	629001	631000	2000	0	0
631	630001	632000	2000	0	0
632	631001	633000	2000	0	0
633	632001	634000	2000	0	0
634	633001	635000	2000	0	0
635	634001	636000	2000	1	0.5
636	635001	637000	2000	1	1
637	636001	638000	2000	1	0.5
638	637001	639000	2000	0	0
639	638001	640000	2000	0	0
640	639001	641000	2000	0	0
641	640001	642000	2000	0	0
642	641001	643000	2000	1	1
643	642001	644000	2000	1	1
644	643001	645000	2000	0	0
645	644001	646000	2000	0	0
646	645001	647000	2000	0	0
647	646001	648000	2000	0	0
648	647001	649000	2000	0	0
649	648001	650000	2000	0	0
650	649001	651000	2000	0	0
651	650001	652000	2000	0	0
652	651001	653000	2000	1	1
653	652001	654000	2000	1	1
654	653001	655000	2000	0	0
655	654001	656000	2000	0	0
656	655001	657000	2000	0	0
657	656001	658000	2000	0	0
658	657001	659000	2000	0	0
659	658001	660000	2000	0	0
660	659001	661000	2000	0	0
661	660001	662000	2000	0	0
662	661001	663000	2000	0	0
663	662001	664000	2000	0	0
664	663001	665000	2000	0	0
665	664001	666000	2000	0	0
666	665001	667000	2000	0	0
667	666001	668000	2000	0	0
668	667001	669000	2000	1	1.5
669	668001	670000	2000	1	1.5
670	669001	671000	2000	0	0
671	670001	672000	2000	1	0.5
672	671001	673000	2000	1	1
673	672001	674000	2000	1	0.5
674	673001	675000	2000	0	0
675	674001	676000	2000	0	0
676	675001	677000	2000	0	0
677	676001	678000	2000	0	0
678	677001	679000	2000	0	0
679	678001	680000	2000	1	0.5
680	679001	681000	2000	1	1
681	680001	682000	2000	1	0.5
682	681001	683000	2000	0	0
683	682001	684000	2000	0	0
684	683001	685000	2000	0	0
685	684001	686000	2000	1	1
686	685001	687000	2000	1	1
687	686001	688000	2000	0	0
688	687001	689000	2000	0	0
689	688001	690000	2000	0	0
690	689001	691000	2000	1	1
691	690001	692000	2000	1	1
692	691001	693000	2000	1	1
693	692001	694000	2000	1	1
694	693001	695000	2000	0	0
695	694001	696000	2000	0	0
696	695001	697000	2000	1	1
697	696001	698000	2000	1	1
698	697001	699000	2000	0	0
699	698001	7e+05	2000	0	0
700	699001	701000	2000	2	1
701	700001	702000	2000	2	1
702	701001	703000	2000	0	0
703	702001	704000	2000	0	0
704	703001	705000	2000	0	0
705	704001	706000	2000	0	0
706	705001	707000	2000	0	0
707	706001	708000	2000	0	0
708	707001	709000	2000	1	1
709	708001	710000	2000	1	1
710	709001	711000	2000	0	0
711	710001	712000	2000	0	0
712	711001	713000	2000	0	0
713	712001	714000	2000	0	0
714	713001	715000	2000	0	0
715	714001	716000	2000	0	0
716	715001	717000	2000	0	0
717	716001	718000	2000	0	0
718	717001	719000	2000	0	0
719	718001	720000	2000	0	0
720	719001	721000	2000	0	0
721	720001	722000	2000	0	0
722	721001	723000	2000	0	0
723	722001	724000	2000	0	0
724	723001	725000	2000	0	0
725	724001	726000	2000	0	0
726	725001	727000	2000	0	0
727	726001	728000	2000	0	0
728	727001	729000	2000	0	0
729	728001	730000	2000	0	0
730	729001	731000	2000	0	0
731	730001	732000	2000	2	1.5
732	731001	733000	2000	2	1.5
733	732001	734000	2000	0	0
734	733001	735000	2000	0	0
735	734001	736000	2000	0	0
736	735001	737000	2000	0	0
737	736001	738000	2000	0	0
738	737001	739000	2000	0	0
739	738001	740000	2000	0	0
740	739001	741000	2000	0	0
741	740001	742000	2000	0	0
742	741001	743000	2000	1	0.5
743	742001	744000	2000	1	1
744	743001	745000	2000	1	0.5
745	744001	746000	2000	0	0
746	745001	747000	2000	0	0
747	746001	748000	2000	0	0
748	747001	749000	2000	0	0
749	748001	750000	2000	0	0
750	749001	751000	2000	0	0
751	750001	752000	2000	0	0
752	751001	753000	2000	0	0
753	752001	754000	2000	0	0
754	753001	755000	2000	0	0
755	754001	756000	2000	1	0.5
756	755001	757000	2000	1	1
757	756001	758000	2000	1	0.5
758	757001	759000	2000	0	0
759	758001	760000	2000	0	0
760	759001	761000	2000	0	0
761	760001	762000	2000	0	0
762	761001	763000	2000	0	0
763	762001	764000	2000	0	0
764	763001	765000	2000	0	0
765	764001	766000	2000	0	0
766	765001	767000	2000	0	0
767	766001	768000	2000	0	0
768	767001	769000	2000	0	0
769	768001	770000	2000	0	0
770	769001	771000	2000	0	0
771	770001	772000	2000	0	0
772	771001	773000	2000	0	0
773	772001	774000	2000	0	0
774	773001	775000	2000	0	0
775	774001	776000	2000	0	0
776	775001	777000	2000	0	0
777	776001	778000	2000	0	0
778	777001	779000	2000	0	0
779	778001	780000	2000	0	0
780	779001	781000	2000	0	0
781	780001	782000	2000	0	0
782	781001	783000	2000	0	0
783	782001	784000	2000	0	0
784	783001	785000	2000	0	0
785	784001	786000	2000	0	0
786	785001	787000	2000	0	0
787	786001	788000	2000	0	0
788	787001	789000	2000	0	0
789	788001	790000	2000	0	0
790	789001	791000	2000	0	0
791	790001	792000	2000	0	0
792	791001	793000	2000	0	0
793	792001	794000	2000	0	0
794	793001	795000	2000	0	0
795	794001	796000	2000	0	0
796	795001	797000	2000	0	0
797	796001	798000	2000	0	0
798	797001	799000	2000	1	3
799	798001	8e+05	2000	1	3
800	799001	801000	2000	0	0
801	800001	802000	2000	0	0
802	801001	803000	2000	0	0
803	802001	804000	2000	0	0
804	803001	805000	2000	0	0
805	804001	806000	2000	0	0
806	805001	807000	2000	0	0
807	806001	808000	2000	0	0
808	807001	809000	2000	0	0
809	808001	810000	2000	1	1
810	809001	811000	2000	1	1
811	810001	812000	2000	0	0
812	811001	813000	2000	0	0
813	812001	814000	2000	0	0
814	813001	815000	2000	0	0
815	814001	816000	2000	0	0
816	815001	817000	2000	0	0
817	816001	818000	2000	0	0
818	817001	819000	2000	0	0
819	818001	820000	2000	0	0
820	819001	821000	2000	0	0
821	820001	822000	2000	0	0
822	821001	823000	2000	0	0
823	822001	824000	2000	3	1.33333333333333
824	823001	825000	2000	3	1.33333333333333
825	824001	826000	2000	0	0
826	825001	827000	2000	0	0
827	826001	828000	2000	0	0
828	827001	829000	2000	0	0
829	828001	830000	2000	0	0
830	829001	831000	2000	0	0
831	830001	832000	2000	0	0
832	831001	833000	2000	0	0
833	832001	834000	2000	0	0
834	833001	835000	2000	0	0
835	834001	836000	2000	0	0
836	835001	837000	2000	0	0
837	836001	838000	2000	0	0
838	837001	839000	2000	0	0
839	838001	840000	2000	0	0
840	839001	841000	2000	0	0
841	840001	842000	2000	0	0
842	841001	843000	2000	0	0
843	842001	844000	2000	0	0
844	843001	845000	2000	0	0
845	844001	846000	2000	0	0
846	845001	847000	2000	0	0
847	846001	848000	2000	0	0
848	847001	849000	2000	0	0
849	848001	850000	2000	0	0
850	849001	851000	2000	0	0
851	850001	852000	2000	0	0
852	851001	853000	2000	0	0
853	852001	854000	2000	0	0
854	853001	855000	2000	0	0
855	854001	856000	2000	0	0
856	855001	857000	2000	0	0
857	856001	858000	2000	0	0
858	857001	859000	2000	0	0
859	858001	860000	2000	0	0
860	859001	861000	2000	0	0
861	860001	862000	2000	0	0
862	861001	863000	2000	0	0
863	862001	864000	2000	0	0
864	863001	865000	2000	0	0
865	864001	866000	2000	0	0
866	865001	867000	2000	0	0
867	866001	868000	2000	0	0
868	867001	869000	2000	0	0
869	868001	870000	2000	0	0
870	869001	871000	2000	0	0
871	870001	872000	2000	0	0
872	871001	873000	2000	0	0
873	872001	874000	2000	0	0
874	873001	875000	2000	0	0
875	874001	876000	2000	0	0
876	875001	877000	2000	1	1
877	876001	878000	2000	1	1
878	877001	879000	2000	0	0
879	878001	880000	2000	0	0
880	879001	881000	2000	0	0
881	880001	882000	2000	0	0
882	881001	883000	2000	0	0
883	882001	884000	2000	0	0
884	883001	885000	2000	0	0
885	884001	886000	2000	0	0
886	885001	887000	2000	0	0
887	886001	888000	2000	0	0
888	887001	889000	2000	0	0
889	888001	890000	2000	0	0
890	889001	891000	2000	0	0
891	890001	892000	2000	0	0
892	891001	893000	2000	0	0
893	892001	894000	2000	0	0
894	893001	895000	2000	0	0
895	894001	896000	2000	0	0
896	895001	897000	2000	0	0
897	896001	898000	2000	0	0
898	897001	899000	2000	0	0
899	898001	9e+05	2000	0	0
900	899001	901000	2000	0	0
901	900001	902000	2000	0	0
902	901001	903000	2000	0	0
903	902001	904000	2000	0	0
904	903001	905000	2000	0	0
905	904001	906000	2000	0	0
906	905001	907000	2000	0	0
907	906001	908000	2000	0	0
908	907001	909000	2000	0	0
909	908001	910000	2000	0	0
910	909001	911000	2000	0	0
911	910001	912000	2000	0	0
912	911001	913000	2000	0	0
913	912001	914000	2000	0	0
914	913001	915000	2000	0	0
915	914001	916000	2000	0	0
916	915001	917000	2000	0	0
917	916001	918000	2000	0	0
918	917001	919000	2000	0	0
919	918001	920000	2000	0	0
920	919001	921000	2000	0	0
921	920001	922000	2000	0	0
922	921001	923000	2000	0	0
923	922001	924000	2000	0	0
924	923001	925000	2000	0	0
925	924001	926000	2000	0	0
926	925001	927000	2000	1	1
927	926001	928000	2000	1	1
928	927001	929000	2000	0	0
929	928001	930000	2000	0	0
930	929001	931000	2000	0	0
931	930001	932000	2000	0	0
932	931001	933000	2000	0	0
933	932001	934000	2000	0	0
934	933001	935000	2000	0	0
935	934001	936000	2000	0	0
936	935001	937000	2000	0	0
937	936001	938000	2000	0	0
938	937001	939000	2000	0	0
939	938001	940000	2000	0	0
940	939001	941000	2000	0	0
941	940001	942000	2000	0	0
942	941001	943000	2000	0	0
943	942001	944000	2000	0	0
944	943001	945000	2000	0	0
945	944001	946000	2000	0	0
946	945001	947000	2000	0	0
947	946001	948000	2000	0	0
948	947001	949000	2000	0	0
949	948001	950000	2000	0	0
950	949001	951000	2000	0	0
951	950001	952000	2000	0	0
952	951001	953000	2000	0	0
953	952001	954000	2000	0	0
954	953001	955000	2000	0	0
955	954001	956000	2000	0	0
956	955001	957000	2000	1	1
957	956001	958000	2000	1	1
958	957001	959000	2000	1	0.5
959	958001	960000	2000	1	1
960	959001	961000	2000	1	0.5
961	960001	962000	2000	0	0
962	961001	963000	2000	0	0
963	962001	964000	2000	1	0.5
964	963001	965000	2000	1	1
965	964001	966000	2000	1	0.5
966	965001	967000	2000	0	0
967	966001	968000	2000	0	0
968	967001	969000	2000	0	0
969	968001	970000	2000	0	0
970	969001	971000	2000	0	0
971	970001	972000	2000	0	0
972	971001	973000	2000	0	0
973	972001	974000	2000	0	0
974	973001	975000	2000	0	0
975	974001	976000	2000	0	0
976	975001	977000	2000	0	0
977	976001	978000	2000	0	0
978	977001	979000	2000	0	0
979	978001	980000	2000	0	0
980	979001	981000	2000	0	0
981	980001	982000	2000	0	0
982	981001	983000	2000	0	0
983	982001	984000	2000	0	0
984	983001	985000	2000	0	0
985	984001	986000	2000	0	0
986	985001	987000	2000	0	0
987	986001	988000	2000	0	0
988	987001	989000	2000	0	0
989	988001	990000	2000	0	0
990	989001	991000	2000	0	0
991	990001	992000	2000	1	1
992	991001	993000	2000	1	1
993	992001	994000	2000	0	0
994	993001	995000	2000	0	0
995	994001	996000	2000	0	0
996	995001	997000	2000	0	0
997	996001	998000	2000	0	0
998	997001	999000	2000	0	0
999	998001	1e+06	2000	0	0
1000	999001	1001000	2000	0	0
1001	1000001	1002000	2000	0	0
1002	1001001	1003000	2000	0	0
1003	1002001	1004000	2000	0	0
1004	1003001	1005000	2000	0	0
1005	1004001	1006000	2000	0	0
1006	1005001	1007000	2000	0	0
1007	1006001	1008000	2000	0	0
1008	1007001	1009000	2000	0	0
1009	1008001	1010000	2000	0	0
1010	1009001	1011000	2000	0	0
1011	1010001	1012000	2000	0	0
1012	1011001	1013000	2000	0	0
1013	1012001	1014000	2000	0	0
1014	1013001	1015000	2000	0	0
1015	1014001	1016000	2000	1	1.5
1016	1015001	1017000	2000	1	1.5
1017	1016001	1018000	2000	0	0
1018	1017001	1019000	2000	0	0
1019	1018001	1020000	2000	0	0
1020	1019001	1021000	2000	0	0
1021	1020001	1022000	2000	0	0
1022	1021001	1023000	2000	0	0
1023	1022001	1024000	2000	0	0
1024	1023001	1025000	2000	0	0
1025	1024001	1026000	2000	0	0
1026	1025001	1027000	2000	0	0
1027	1026001	1028000	2000	0	0
1028	1027001	1029000	2000	0	0
1029	1028001	1030000	2000	0	0
1030	1029001	1031000	2000	0	0
1031	1030001	1032000	2000	0	0
1032	1031001	1033000	2000	0	0
1033	1032001	1034000	2000	0	0
1034	1033001	1035000	2000	0	0
1035	1034001	1036000	2000	0	0
1036	1035001	1037000	2000	0	0
1037	1036001	1038000	2000	0	0
1038	1037001	1039000	2000	0	0
1039	1038001	1040000	2000	0	0
1040	1039001	1041000	2000	0	0
1041	1040001	1042000	2000	0	0
1042	1041001	1043000	2000	0	0
1043	1042001	1044000	2000	0	0
1044	1043001	1045000	2000	0	0
1045	1044001	1046000	2000	0	0
1046	1045001	1047000	2000	0	0
1047	1046001	1048000	2000	0	0
1048	1047001	1049000	2000	0	0
1049	1048001	1050000	2000	0	0
1050	1049001	1051000	2000	0	0
1051	1050001	1052000	2000	0	0
1052	1051001	1053000	2000	0	0
1053	1052001	1054000	2000	0	0
1054	1053001	1055000	2000	0	0
1055	1054001	1056000	2000	0	0
1056	1055001	1057000	2000	0	0
1057	1056001	1058000	2000	0	0
1058	1057001	1059000	2000	0	0
1059	1058001	1060000	2000	0	0
1060	1059001	1061000	2000	0	0
1061	1060001	1062000	2000	0	0
1062	1061001	1063000	2000	0	0
1063	1062001	1064000	2000	0	0
1064	1063001	1065000	2000	0	0
1065	1064001	1066000	2000	0	0
1066	1065001	1067000	2000	0	0
1067	1066001	1068000	2000	0	0
1068	1067001	1069000	2000	0	0
1069	1068001	1070000	2000	1	1
1070	1069001	1071000	2000	1	1
1071	1070001	1072000	2000	0	0
1072	1071001	1073000	2000	0	0
1073	1072001	1074000	2000	0	0
1074	1073001	1075000	2000	0	0
1075	1074001	1076000	2000	0	0
1076	1075001	1077000	2000	0	0
1077	1076001	1078000	2000	0	0
1078	1077001	1079000	2000	0	0
1079	1078001	1080000	2000	0	0
1080	1079001	1081000	2000	0	0
1081	1080001	1082000	2000	0	0
1082	1081001	1083000	2000	0	0
1083	1082001	1084000	2000	0	0
1084	1083001	1085000	2000	0	0
1085	1084001	1086000	2000	0	0
1086	1085001	1087000	2000	0	0
1087	1086001	1088000	2000	0	0
1088	1087001	1089000	2000	0	0
1089	1088001	1090000	2000	0	0
1090	1089001	1091000	2000	0	0
1091	1090001	1092000	2000	0	0
1092	1091001	1093000	2000	0	0
1093	1092001	1094000	2000	0	0
1094	1093001	1095000	2000	0	0
1095	1094001	1096000	2000	0	0
1096	1095001	1097000	2000	0	0
1097	1096001	1098000	2000	0	0
1098	1097001	1099000	2000	0	0
1099	1098001	1100000	2000	0	0
1100	1099001	1101000	2000	0	0
1101	1100001	1102000	2000	0	0
1102	1101001	1103000	2000	0	0
1103	1102001	1104000	2000	0	0
1104	1103001	1105000	2000	0	0
1105	1104001	1106000	2000	0	0
1106	1105001	1107000	2000	0	0
1107	1106001	1108000	2000	0	0
1108	1107001	1109000	2000	0	0
1109	1108001	1110000	2000	0	0
1110	1109001	1111000	2000	0	0
1111	1110001	1112000	2000	0	0
1112	1111001	1113000	2000	0	0
1113	1112001	1114000	2000	0	0
1114	1113001	1115000	2000	0	0
1115	1114001	1116000	2000	0	0
1116	1115001	1117000	2000	0	0
1117	1116001	1118000	2000	0	0
1118	1117001	1119000	2000	0	0
1119	1118001	1120000	2000	0	0
1120	1119001	1121000	2000	0	0
1121	1120001	1122000	2000	0	0
1122	1121001	1123000	2000	0	0
1123	1122001	1124000	2000	0	0
1124	1123001	1125000	2000	0	0
1125	1124001	1126000	2000	0	0
1126	1125001	1127000	2000	0	0
1127	1126001	1128000	2000	0	0
1128	1127001	1129000	2000	0	0
1129	1128001	1130000	2000	0	0
1130	1129001	1131000	2000	1	1
1131	1130001	1132000	2000	1	1
1132	1131001	1133000	2000	0	0
1133	1132001	1134000	2000	0	0
1134	1133001	1135000	2000	0	0
1135	1134001	1136000	2000	0	0
1136	1135001	1137000	2000	0	0
1137	1136001	1138000	2000	0	0
1138	1137001	1139000	2000	0	0
1139	1138001	1140000	2000	0	0
1140	1139001	1141000	2000	0	0
1141	1140001	1142000	2000	0	0
1142	1141001	1143000	2000	0	0
1143	1142001	1144000	2000	0	0
1144	1143001	1145000	2000	0	0
1145	1144001	1146000	2000	0	0
1146	1145001	1147000	2000	0	0
1147	1146001	1148000	2000	0	0
1148	1147001	1149000	2000	0	0
1149	1148001	1150000	2000	0	0
1150	1149001	1151000	2000	0	0
1151	1150001	1152000	2000	0	0
1152	1151001	1153000	2000	0	0
1153	1152001	1154000	2000	0	0
1154	1153001	1155000	2000	0	0
1155	1154001	1156000	2000	0	0
1156	1155001	1157000	2000	0	0
1157	1156001	1158000	2000	0	0
1158	1157001	1159000	2000	0	0
1159	1158001	1160000	2000	0	0
1160	1159001	1161000	2000	0	0
1161	1160001	1162000	2000	0	0
1162	1161001	1163000	2000	0	0
1163	1162001	1164000	2000	0	0
1164	1163001	1165000	2000	0	0
1165	1164001	1166000	2000	0	0
1166	1165001	1167000	2000	0	0
1167	1166001	1168000	2000	0	0
1168	1167001	1169000	2000	0	0
1169	1168001	1170000	2000	0	0
1170	1169001	1171000	2000	0	0
1171	1170001	1172000	2000	0	0
1172	1171001	1173000	2000	0	0
1173	1172001	1174000	2000	0	0
1174	1173001	1175000	2000	0	0
1175	1174001	1176000	2000	0	0
1176	1175001	1177000	2000	0	0
1177	1176001	1178000	2000	0	0
1178	1177001	1179000	2000	0	0
1179	1178001	1180000	2000	0	0
1180	1179001	1181000	2000	0	0
1181	1180001	1182000	2000	0	0
1182	1181001	1183000	2000	0	0
1183	1182001	1184000	2000	0	0
1184	1183001	1185000	2000	0	0
1185	1184001	1186000	2000	0	0
1186	1185001	1187000	2000	0	0
1187	1186001	1188000	2000	0	0
1188	1187001	1189000	2000	0	0
1189	1188001	1190000	2000	0	0
1190	1189001	1191000	2000	0	0
1191	1190001	1192000	2000	0	0
1192	1191001	1193000	2000	0	0
1193	1192001	1194000	2000	0	0
1194	1193001	1195000	2000	0	0
1195	1194001	1196000	2000	0	0
1196	1195001	1197000	2000	0	0
1197	1196001	1198000	2000	0	0
1198	1197001	1199000	2000	0	0
1199	1198001	1200000	2000	0	0
1200	1199001	1201000	2000	0	0
1201	1200001	1202000	2000	0	0
1202	1201001	1203000	2000	0	0
1203	1202001	1204000	2000	0	0
1204	1203001	1205000	2000	0	0
1205	1204001	1206000	2000	0	0
1206	1205001	1207000	2000	0	0
1207	1206001	1208000	2000	0	0
1208	1207001	1209000	2000	0	0
1209	1208001	1210000	2000	0	0
1210	1209001	1211000	2000	0	0
1211	1210001	1212000	2000	0	0
1212	1211001	1213000	2000	0	0
1213	1212001	1214000	2000	0	0
1214	1213001	1215000	2000	0	0
1215	1214001	1216000	2000	0	0
1216	1215001	1217000	2000	0	0
1217	1216001	1218000	2000	0	0
1218	1217001	1219000	2000	0	0
1219	1218001	1220000	2000	0	0
1220	1219001	1221000	2000	0	0
1221	1220001	1222000	2000	0	0
1222	1221001	1223000	2000	0	0
1223	1222001	1224000	2000	0	0
1224	1223001	1225000	2000	0	0
1225	1224001	1226000	2000	0	0
1226	1225001	1227000	2000	0	0
1227	1226001	1228000	2000	0	0
1228	1227001	1229000	2000	0	0
1229	1228001	1230000	2000	0	0
1230	1229001	1231000	2000	0	0
1231	1230001	1232000	2000	0	0
1232	1231001	1233000	2000	0	0
1233	1232001	1234000	2000	0	0
1234	1233001	1235000	2000	0	0
1235	1234001	1236000	2000	0	0
1236	1235001	1237000	2000	0	0
1237	1236001	1238000	2000	0	0
1238	1237001	1239000	2000	0	0
1239	1238001	1240000	2000	0	0
1240	1239001	1241000	2000	0	0
1241	1240001	1242000	2000	0	0
1242	1241001	1243000	2000	1	1
1243	1242001	1244000	2000	1	1
1244	1243001	1245000	2000	0	0
1245	1244001	1246000	2000	0	0
1246	1245001	1247000	2000	0	0
1247	1246001	1248000	2000	0	0
1248	1247001	1249000	2000	0	0
1249	1248001	1250000	2000	0	0
1250	1249001	1251000	2000	0	0
1251	1250001	1252000	2000	0	0
1252	1251001	1253000	2000	1	1.5
1253	1252001	1254000	2000	1	1.5
1254	1253001	1255000	2000	0	0
1255	1254001	1256000	2000	0	0
1256	1255001	1257000	2000	0	0
1257	1256001	1258000	2000	0	0
1258	1257001	1259000	2000	0	0
1259	1258001	1260000	2000	0	0
1260	1259001	1261000	2000	0	0
1261	1260001	1262000	2000	0	0
1262	1261001	1263000	2000	0	0
1263	1262001	1264000	2000	0	0
1264	1263001	1265000	2000	0	0
1265	1264001	1266000	2000	0	0
1266	1265001	1267000	2000	0	0
1267	1266001	1268000	2000	0	0
1268	1267001	1269000	2000	0	0
1269	1268001	1270000	2000	1	1
1270	1269001	1271000	2000	1	1
1271	1270001	1272000	2000	0	0
1272	1271001	1273000	2000	0	0
1273	1272001	1274000	2000	0	0
1274	1273001	1275000	2000	0	0
1275	1274001	1276000	2000	0	0
1276	1275001	1277000	2000	0	0
1277	1276001	1278000	2000	0	0
1278	1277001	1279000	2000	0	0
1279	1278001	1280000	2000	0	0
1280	1279001	1281000	2000	0	0
1281	1280001	1282000	2000	0	0
1282	1281001	1283000	2000	0	0
1283	1282001	1284000	2000	0	0
1284	1283001	1285000	2000	0	0
1285	1284001	1286000	2000	0	0
1286	1285001	1287000	2000	0	0
1287	1286001	1288000	2000	0	0
1288	1287001	1289000	2000	0	0
1289	1288001	1290000	2000	0	0
1290	1289001	1291000	2000	0	0
1291	1290001	1292000	2000	0	0
1292	1291001	1293000	2000	0	0
1293	1292001	1294000	2000	0	0
1294	1293001	1295000	2000	0	0
1295	1294001	1296000	2000	0	0
1296	1295001	1297000	2000	0	0
1297	1296001	1298000	2000	0	0
1298	1297001	1299000	2000	0	0
1299	1298001	1300000	2000	0	0
1300	1299001	1301000	2000	0	0
1301	1300001	1302000	2000	0	0
1302	1301001	1303000	2000	1	1.5
1303	1302001	1304000	2000	1	1.5
1304	1303001	1305000	2000	0	0
1305	1304001	1306000	2000	0	0
1306	1305001	1307000	2000	0	0
1307	1306001	1308000	2000	0	0
1308	1307001	1309000	2000	0	0
1309	1308001	1310000	2000	0	0
1310	1309001	1311000	2000	0	0
1311	1310001	1312000	2000	0	0
1312	1311001	1313000	2000	0	0
1313	1312001	1314000	2000	0	0
1314	1313001	1315000	2000	0	0
1315	1314001	1316000	2000	1	1
1316	1315001	1317000	2000	2	1
1317	1316001	1318000	2000	1	1
1318	1317001	1319000	2000	0	0
1319	1318001	1320000	2000	0	0
1320	1319001	1321000	2000	0	0
1321	1320001	1322000	2000	0	0
1322	1321001	1323000	2000	0	0
1323	1322001	1324000	2000	0	0
1324	1323001	1325000	2000	0	0
1325	1324001	1326000	2000	0	0
1326	1325001	1327000	2000	0	0
1327	1326001	1328000	2000	1	0.5
1328	1327001	1329000	2000	1	1
1329	1328001	1330000	2000	1	0.5
1330	1329001	1331000	2000	0	0
1331	1330001	1332000	2000	0	0
1332	1331001	1333000	2000	0	0
1333	1332001	1334000	2000	0	0
1334	1333001	1335000	2000	0	0
1335	1334001	1336000	2000	0	0
1336	1335001	1337000	2000	1	0.5
1337	1336001	1338000	2000	1	1
1338	1337001	1339000	2000	1	0.5
1339	1338001	1340000	2000	0	0
1340	1339001	1341000	2000	0	0
1341	1340001	1342000	2000	0	0
1342	1341001	1343000	2000	0	0
1343	1342001	1344000	2000	0	0
1344	1343001	1345000	2000	0	0
1345	1344001	1346000	2000	0	0
1346	1345001	1347000	2000	1	0.5
1347	1346001	1348000	2000	1	1
1348	1347001	1349000	2000	1	0.5
1349	1348001	1350000	2000	0	0
1350	1349001	1351000	2000	0	0
1351	1350001	1352000	2000	0	0
1352	1351001	1353000	2000	0	0
1353	1352001	1354000	2000	0	0
1354	1353001	1355000	2000	0	0
1355	1354001	1356000	2000	0	0
1356	1355001	1357000	2000	0	0
1357	1356001	1358000	2000	0	0
1358	1357001	1359000	2000	0	0
1359	1358001	1360000	2000	0	0
1360	1359001	1361000	2000	0	0
1361	1360001	1362000	2000	0	0
1362	1361001	1363000	2000	0	0
1363	1362001	1364000	2000	0	0
1364	1363001	1365000	2000	0	0
1365	1364001	1366000	2000	0	0
1366	1365001	1367000	2000	0	0
1367	1366001	1368000	2000	0	0
1368	1367001	1369000	2000	0	0
1369	1368001	1370000	2000	0	0
1370	1369001	1371000	2000	0	0
1371	1370001	1372000	2000	0	0
1372	1371001	1373000	2000	0	0
1373	1372001	1374000	2000	0	0
1374	1373001	1375000	2000	0	0
1375	1374001	1376000	2000	0	0
1376	1375001	1377000	2000	0	0
1377	1376001	1378000	2000	0	0
1378	1377001	1379000	2000	0	0
1379	1378001	1380000	2000	0	0
1380	1379001	1381000	2000	0	0
1381	1380001	1382000	2000	0	0
1382	1381001	1383000	2000	0	0
1383	1382001	1384000	2000	0	0
1384	1383001	1385000	2000	0	0
1385	1384001	1386000	2000	0	0
1386	1385001	1387000	2000	0	0
1387	1386001	1388000	2000	0	0
1388	1387001	1389000	2000	0	0
1389	1388001	1390000	2000	0	0
1390	1389001	1391000	2000	0	0
1391	1390001	1392000	2000	0	0
1392	1391001	1393000	2000	0	0
1393	1392001	1394000	2000	0	0
1394	1393001	1395000	2000	0	0
1395	1394001	1396000	2000	0	0
1396	1395001	1397000	2000	0	0
1397	1396001	1398000	2000	0	0
1398	1397001	1399000	2000	0	0
1399	1398001	1400000	2000	0	0
1400	1399001	1401000	2000	0	0
1401	1400001	1402000	2000	0	0
1402	1401001	1403000	2000	0	0
1403	1402001	1404000	2000	0	0
1404	1403001	1405000	2000	1	1
1405	1404001	1406000	2000	1	1
1406	1405001	1407000	2000	0	0
1407	1406001	1408000	2000	0	0
1408	1407001	1409000	2000	0	0
1409	1408001	1410000	2000	0	0
1410	1409001	1411000	2000	1	1
1411	1410001	1412000	2000	1	1
1412	1411001	1413000	2000	1	1
1413	1412001	1414000	2000	1	1
1414	1413001	1415000	2000	0	0
1415	1414001	1416000	2000	0	0
1416	1415001	1417000	2000	0	0
1417	1416001	1418000	2000	0	0
1418	1417001	1419000	2000	0	0
1419	1418001	1420000	2000	0	0
1420	1419001	1421000	2000	0	0
1421	1420001	1422000	2000	0	0
1422	1421001	1423000	2000	0	0
1423	1422001	1424000	2000	0	0
1424	1423001	1425000	2000	0	0
1425	1424001	1426000	2000	0	0
1426	1425001	1427000	2000	0	0
1427	1426001	1428000	2000	0	0
1428	1427001	1429000	2000	1	1
1429	1428001	1430000	2000	1	1
1430	1429001	1431000	2000	0	0
1431	1430001	1432000	2000	0	0
1432	1431001	1433000	2000	0	0
1433	1432001	1434000	2000	0	0
1434	1433001	1435000	2000	0	0
1435	1434001	1436000	2000	0	0
1436	1435001	1437000	2000	0	0
1437	1436001	1438000	2000	0	0
1438	1437001	1439000	2000	0	0
1439	1438001	1440000	2000	0	0
1440	1439001	1441000	2000	0	0
1441	1440001	1442000	2000	0	0
1442	1441001	1443000	2000	0	0
1443	1442001	1444000	2000	0	0
1444	1443001	1445000	2000	0	0
1445	1444001	1446000	2000	0	0
1446	1445001	1447000	2000	0	0
1447	1446001	1448000	2000	0	0
1448	1447001	1449000	2000	0	0
1449	1448001	1450000	2000	0	0
1450	1449001	1451000	2000	0	0
1451	1450001	1452000	2000	0	0
1452	1451001	1453000	2000	0	0
1453	1452001	1454000	2000	0	0
1454	1453001	1455000	2000	1	1
1455	1454001	1456000	2000	1	1
1456	1455001	1457000	2000	0	0
1457	1456001	1458000	2000	0	0
1458	1457001	1459000	2000	0	0
1459	1458001	1460000	2000	0	0
1460	1459001	1461000	2000	0	0
1461	1460001	1462000	2000	0	0
1462	1461001	1463000	2000	0	0
1463	1462001	1464000	2000	0	0
1464	1463001	1465000	2000	2	1
1465	1464001	1466000	2000	5	5
1466	1465001	1467000	2000	5	5
1467	1466001	1468000	2000	9	2.11111111111111
1468	1467001	1469000	2000	9	2.77777777777778
1469	1468001	1470000	2000	4	2
1470	1469001	1471000	2000	2	3
1471	1470001	1472000	2000	4	5.125
1472	1471001	1473000	2000	4	5
1473	1472001	1474000	2000	4	2.25
1474	1473001	1475000	2000	7	3.07142857142857
1475	1474001	1476000	2000	8	2.75
1476	1475001	1477000	2000	4	2.25
1477	1476001	1478000	2000	4	1.5
1478	1477001	1479000	2000	2	1
1479	1478001	1480000	2000	1	1
1480	1479001	1481000	2000	1	4
1481	1480001	1482000	2000	1	13.5
1482	1481001	1483000	2000	2	10.5
1483	1482001	1484000	2000	2	5.75
1484	1483001	1485000	2000	1	1.5
1485	1484001	1486000	2000	1	3
1486	1485001	1487000	2000	2	2
1487	1486001	1488000	2000	3	4.33333333333333
1488	1487001	1489000	2000	5	3.2
1489	1488001	1490000	2000	4	3.25
1490	1489001	1491000	2000	4	5
1491	1490001	1492000	2000	4	5.125
1492	1491001	1493000	2000	4	3.625
1493	1492001	1494000	2000	3	3.5
1494	1493001	1495000	2000	1	4
1495	1494001	1496000	2000	1	1.5
1496	1495001	1497000	2000	2	1.25
1497	1496001	1498000	2000	1	2
1498	1497001	1499000	2000	2	1.25
1499	1498001	1500000	2000	4	2.625
1500	1499001	1501000	2000	4	3.125
1501	1500001	1502000	2000	3	4.33333333333333
1502	1501001	1503000	2000	3	4
1503	1502001	1504000	2000	1	2.5
1504	1503001	1505000	2000	1	2
1505	1504001	1506000	2000	1	2
1506	1505001	1507000	2000	0	0
1507	1506001	1508000	2000	4	1
1508	1507001	1509000	2000	4	1
1509	1508001	1510000	2000	0	0
1510	1509001	1511000	2000	0	0
1511	1510001	1512000	2000	0	0
1512	1511001	1513000	2000	0	0
1513	1512001	1514000	2000	0	0
1514	1513001	1515000	2000	0	0
1515	1514001	1516000	2000	0	0
1516	1515001	1517000	2000	0	0
1517	1516001	1518000	2000	0	0
1518	1517001	1519000	2000	0	0
1519	1518001	1520000	2000	0	0
1520	1519001	1521000	2000	0	0
1521	1520001	1522000	2000	0	0
1522	1521001	1523000	2000	0	0
1523	1522001	1524000	2000	0	0
1524	1523001	1525000	2000	0	0
1525	1524001	1526000	2000	0	0
1526	1525001	1527000	2000	0	0
1527	1526001	1528000	2000	0	0
1528	1527001	1529000	2000	1	1
1529	1528001	1530000	2000	1	1
1530	1529001	1531000	2000	1	1
1531	1530001	1532000	2000	1	1
1532	1531001	1533000	2000	0	0
1533	1532001	1534000	2000	0	0
1534	1533001	1535000	2000	0	0
1535	1534001	1536000	2000	1	1
1536	1535001	1537000	2000	1	1
1537	1536001	1538000	2000	0	0
1538	1537001	1539000	2000	0	0
1539	1538001	1540000	2000	0	0
1540	1539001	1541000	2000	0	0
1541	1540001	1542000	2000	0	0
1542	1541001	1543000	2000	0	0
1543	1542001	1544000	2000	0	0
1544	1543001	1545000	2000	0	0
1545	1544001	1546000	2000	0	0
1546	1545001	1547000	2000	0	0
1547	1546001	1548000	2000	0	0
1548	1547001	1549000	2000	0	0
1549	1548001	1550000	2000	0	0
1550	1549001	1551000	2000	0	0
1551	1550001	1552000	2000	0	0
1552	1551001	1553000	2000	0	0
1553	1552001	1554000	2000	0	0
1554	1553001	1555000	2000	0	0
1555	1554001	1556000	2000	0	0
1556	1555001	1557000	2000	0	0
1557	1556001	1558000	2000	0	0
1558	1557001	1559000	2000	0	0
1559	1558001	1560000	2000	0	0
1560	1559001	1561000	2000	0	0
1561	1560001	1562000	2000	0	0
1562	1561001	1563000	2000	0	0
1563	1562001	1564000	2000	1	0.5
1564	1563001	1565000	2000	1	1
1565	1564001	1566000	2000	1	0.5
1566	1565001	1567000	2000	1	0.5
1567	1566001	1568000	2000	1	1
1568	1567001	1569000	2000	1	0.5
1569	1568001	1570000	2000	0	0
1570	1569001	1571000	2000	0	0
1571	1570001	1572000	2000	0	0
1572	1571001	1573000	2000	0	0
1573	1572001	1574000	2000	0	0
1574	1573001	1575000	2000	0	0
1575	1574001	1576000	2000	0	0
1576	1575001	1577000	2000	0	0
1577	1576001	1578000	2000	0	0
1578	1577001	1579000	2000	0	0
1579	1578001	1580000	2000	0	0
1580	1579001	1581000	2000	1	1
1581	1580001	1582000	2000	1	1
1582	1581001	1583000	2000	0	0
1583	1582001	1584000	2000	0	0
1584	1583001	1585000	2000	0	0
1585	1584001	1586000	2000	0	0
1586	1585001	1587000	2000	1	2
1587	1586001	1588000	2000	1	2
1588	1587001	1589000	2000	0	0
1589	1588001	1590000	2000	0	0
1590	1589001	1591000	2000	1	0.5
1591	1590001	1592000	2000	1	1
1592	1591001	1593000	2000	1	0.5
1593	1592001	1594000	2000	0	0
1594	1593001	1595000	2000	0	0
1595	1594001	1596000	2000	0	0
1596	1595001	1597000	2000	1	1
1597	1596001	1598000	2000	1	1
1598	1597001	1599000	2000	0	0
1599	1598001	1600000	2000	0	0
1600	1599001	1601000	2000	0	0
1601	1600001	1602000	2000	0	0
1602	1601001	1603000	2000	0	0
1603	1602001	1604000	2000	0	0
1604	1603001	1605000	2000	0	0
1605	1604001	1606000	2000	0	0
1606	1605001	1607000	2000	0	0
1607	1606001	1608000	2000	0	0
1608	1607001	1609000	2000	0	0
1609	1608001	1610000	2000	0	0
1610	1609001	1611000	2000	0	0
1611	1610001	1612000	2000	0	0
1612	1611001	1613000	2000	0	0
1613	1612001	1614000	2000	0	0
1614	1613001	1615000	2000	0	0
1615	1614001	1616000	2000	0	0
1616	1615001	1617000	2000	0	0
1617	1616001	1618000	2000	0	0
1618	1617001	1619000	2000	0	0
1619	1618001	1620000	2000	1	1
1620	1619001	1621000	2000	1	1
1621	1620001	1622000	2000	0	0
1622	1621001	1623000	2000	0	0
1623	1622001	1624000	2000	0	0
1624	1623001	1625000	2000	0	0
1625	1624001	1626000	2000	0	0
1626	1625001	1627000	2000	0	0
1627	1626001	1628000	2000	0	0
1628	1627001	1629000	2000	0	0
1629	1628001	1630000	2000	0	0
1630	1629001	1631000	2000	0	0
1631	1630001	1632000	2000	0	0
1632	1631001	1633000	2000	0	0
1633	1632001	1634000	2000	0	0
1634	1633001	1635000	2000	0	0
1635	1634001	1636000	2000	0	0
1636	1635001	1637000	2000	0	0
1637	1636001	1638000	2000	0	0
1638	1637001	1639000	2000	0	0
1639	1638001	1640000	2000	0	0
1640	1639001	1641000	2000	0	0
1641	1640001	1642000	2000	0	0
1642	1641001	1643000	2000	0	0
1643	1642001	1644000	2000	2	0.75
1644	1643001	1645000	2000	2	1
1645	1644001	1646000	2000	1	0.5
1646	1645001	1647000	2000	0	0
1647	1646001	1648000	2000	0	0
1648	1647001	1649000	2000	0	0
1649	1648001	1650000	2000	0	0
1650	1649001	1651000	2000	0	0
1651	1650001	1652000	2000	0	0
1652	1651001	1653000	2000	0	0
1653	1652001	1654000	2000	0	0
1654	1653001	1655000	2000	0	0
1655	1654001	1656000	2000	0	0
1656	1655001	1657000	2000	0	0
1657	1656001	1658000	2000	0	0
1658	1657001	1659000	2000	0	0
1659	1658001	1660000	2000	0	0
1660	1659001	1661000	2000	0	0
1661	1660001	1662000	2000	0	0
1662	1661001	1663000	2000	2	1
1663	1662001	1664000	2000	2	1
1664	1663001	1665000	2000	0	0
1665	1664001	1666000	2000	0	0
1666	1665001	1667000	2000	0	0
1667	1666001	1668000	2000	0	0
1668	1667001	1669000	2000	0	0
1669	1668001	1670000	2000	0	0
1670	1669001	1671000	2000	0	0
1671	1670001	1672000	2000	0	0
1672	1671001	1673000	2000	0	0
1673	1672001	1674000	2000	0	0
1674	1673001	1675000	2000	0	0
1675	1674001	1676000	2000	0	0
1676	1675001	1677000	2000	0	0
1677	1676001	1678000	2000	1	1
1678	1677001	1679000	2000	1	1
1679	1678001	1680000	2000	0	0
1680	1679001	1681000	2000	0	0
1681	1680001	1682000	2000	0	0
1682	1681001	1683000	2000	0	0
1683	1682001	1684000	2000	0	0
1684	1683001	1685000	2000	1	0.5
1685	1684001	1686000	2000	1	1
1686	1685001	1687000	2000	1	0.5
1687	1686001	1688000	2000	0	0
1688	1687001	1689000	2000	0	0
1689	1688001	1690000	2000	0	0
1690	1689001	1691000	2000	0	0
1691	1690001	1692000	2000	0	0
1692	1691001	1693000	2000	0	0
1693	1692001	1694000	2000	0	0
1694	1693001	1695000	2000	0	0
1695	1694001	1696000	2000	0	0
1696	1695001	1697000	2000	0	0
1697	1696001	1698000	2000	0	0
1698	1697001	1699000	2000	0	0
1699	1698001	1700000	2000	0	0
1700	1699001	1701000	2000	0	0
1701	1700001	1702000	2000	0	0
1702	1701001	1703000	2000	0	0
1703	1702001	1704000	2000	0	0
1704	1703001	1705000	2000	0	0
1705	1704001	1706000	2000	0	0
1706	1705001	1707000	2000	0	0
1707	1706001	1708000	2000	0	0
1708	1707001	1709000	2000	0	0
1709	1708001	1710000	2000	0	0
1710	1709001	1711000	2000	0	0
1711	1710001	1712000	2000	0	0
1712	1711001	1713000	2000	0	0
1713	1712001	1714000	2000	0	0
1714	1713001	1715000	2000	0	0
1715	1714001	1716000	2000	0	0
1716	1715001	1717000	2000	0	0
1717	1716001	1718000	2000	0	0
1718	1717001	1719000	2000	0	0
1719	1718001	1720000	2000	1	1.5
1720	1719001	1721000	2000	1	1.5
1721	1720001	1722000	2000	0	0
1722	1721001	1723000	2000	0	0
1723	1722001	1724000	2000	0	0
1724	1723001	1725000	2000	0	0
1725	1724001	1726000	2000	0	0
1726	1725001	1727000	2000	0	0
1727	1726001	1728000	2000	0	0
1728	1727001	1729000	2000	0	0
1729	1728001	1730000	2000	0	0
1730	1729001	1731000	2000	0	0
1731	1730001	1732000	2000	0	0
1732	1731001	1733000	2000	0	0
1733	1732001	1734000	2000	0	0
1734	1733001	1735000	2000	0	0
1735	1734001	1736000	2000	0	0
1736	1735001	1737000	2000	0	0
1737	1736001	1738000	2000	1	0.5
1738	1737001	1739000	2000	1	1
1739	1738001	1740000	2000	1	0.5
1740	1739001	1741000	2000	0	0
1741	1740001	1742000	2000	0	0
1742	1741001	1743000	2000	0	0
1743	1742001	1744000	2000	0	0
1744	1743001	1745000	2000	0	0
1745	1744001	1746000	2000	0	0
1746	1745001	1747000	2000	0	0
1747	1746001	1748000	2000	0	0
1748	1747001	1749000	2000	0	0
1749	1748001	1750000	2000	0	0
1750	1749001	1751000	2000	0	0
1751	1750001	1752000	2000	0	0
1752	1751001	1753000	2000	0	0
1753	1752001	1754000	2000	0	0
1754	1753001	1755000	2000	0	0
1755	1754001	1756000	2000	0	0
1756	1755001	1757000	2000	0	0
1757	1756001	1758000	2000	0	0
1758	1757001	1759000	2000	0	0
1759	1758001	1760000	2000	0	0
1760	1759001	1761000	2000	0	0
1761	1760001	1762000	2000	0	0
1762	1761001	1763000	2000	0	0
1763	1762001	1764000	2000	0	0
1764	1763001	1765000	2000	0	0
1765	1764001	1766000	2000	0	0
1766	1765001	1767000	2000	0	0
1767	1766001	1768000	2000	0	0
1768	1767001	1769000	2000	0	0
1769	1768001	1770000	2000	0	0
1770	1769001	1771000	2000	0	0
1771	1770001	1772000	2000	0	0
1772	1771001	1773000	2000	0	0
1773	1772001	1774000	2000	0	0
1774	1773001	1775000	2000	0	0
1775	1774001	1776000	2000	0	0
1776	1775001	1777000	2000	0	0
1777	1776001	1778000	2000	0	0
1778	1777001	1779000	2000	0	0
1779	1778001	1780000	2000	0	0
1780	1779001	1781000	2000	0	0
1781	1780001	1782000	2000	0	0
1782	1781001	1783000	2000	0	0
1783	1782001	1784000	2000	0	0
1784	1783001	1785000	2000	0	0
1785	1784001	1786000	2000	0	0
1786	1785001	1787000	2000	0	0
1787	1786001	1788000	2000	0	0
1788	1787001	1789000	2000	0	0
1789	1788001	1790000	2000	0	0
1790	1789001	1791000	2000	0	0
1791	1790001	1792000	2000	0	0
1792	1791001	1793000	2000	0	0
1793	1792001	1794000	2000	0	0
1794	1793001	1795000	2000	0	0
1795	1794001	1796000	2000	0	0
1796	1795001	1797000	2000	0	0
1797	1796001	1798000	2000	0	0
1798	1797001	1799000	2000	1	1
1799	1798001	1800000	2000	1	1
1800	1799001	1801000	2000	0	0
1801	1800001	1802000	2000	0	0
1802	1801001	1803000	2000	0	0
1803	1802001	1804000	2000	0	0
1804	1803001	1805000	2000	0	0
1805	1804001	1806000	2000	0	0
1806	1805001	1807000	2000	0	0
1807	1806001	1808000	2000	0	0
1808	1807001	1809000	2000	0	0
1809	1808001	1810000	2000	0	0
1810	1809001	1811000	2000	0	0
1811	1810001	1812000	2000	0	0
1812	1811001	1813000	2000	0	0
1813	1812001	1814000	2000	0	0
1814	1813001	1815000	2000	0	0
1815	1814001	1816000	2000	0	0
1816	1815001	1817000	2000	0	0
1817	1816001	1818000	2000	0	0
1818	1817001	1819000	2000	0	0
1819	1818001	1820000	2000	0	0
1820	1819001	1821000	2000	0	0
1821	1820001	1822000	2000	0	0
1822	1821001	1823000	2000	0	0
1823	1822001	1824000	2000	0	0
1824	1823001	1825000	2000	0	0
1825	1824001	1826000	2000	0	0
1826	1825001	1827000	2000	0	0
1827	1826001	1828000	2000	0	0
1828	1827001	1829000	2000	0	0
1829	1828001	1830000	2000	0	0
1830	1829001	1831000	2000	0	0
1831	1830001	1832000	2000	0	0
1832	1831001	1833000	2000	0	0
1833	1832001	1834000	2000	0	0
1834	1833001	1835000	2000	0	0
1835	1834001	1836000	2000	0	0
1836	1835001	1837000	2000	0	0
1837	1836001	1838000	2000	0	0
1838	1837001	1839000	2000	0	0
1839	1838001	1840000	2000	0	0
1840	1839001	1841000	2000	0	0
1841	1840001	1842000	2000	0	0
1842	1841001	1843000	2000	0	0
1843	1842001	1844000	2000	0	0
1844	1843001	1845000	2000	0	0
1845	1844001	1846000	2000	0	0
1846	1845001	1847000	2000	0	0
1847	1846001	1848000	2000	0	0
1848	1847001	1849000	2000	0	0
1849	1848001	1850000	2000	0	0
1850	1849001	1851000	2000	0	0
1851	1850001	1852000	2000	0	0
1852	1851001	1853000	2000	0	0
1853	1852001	1854000	2000	0	0
1854	1853001	1855000	2000	0	0
1855	1854001	1856000	2000	0	0
1856	1855001	1857000	2000	0	0
1857	1856001	1858000	2000	0	0
1858	1857001	1859000	2000	0	0
1859	1858001	1860000	2000	0	0
1860	1859001	1861000	2000	0	0
1861	1860001	1862000	2000	1	1.5
1862	1861001	1863000	2000	1	1.5
1863	1862001	1864000	2000	0	0
1864	1863001	1865000	2000	0	0
1865	1864001	1866000	2000	0	0
1866	1865001	1867000	2000	0	0
1867	1866001	1868000	2000	0	0
1868	1867001	1869000	2000	0	0
1869	1868001	1870000	2000	0	0
1870	1869001	1871000	2000	0	0
1871	1870001	1872000	2000	0	0
1872	1871001	1873000	2000	0	0
1873	1872001	1874000	2000	0	0
1874	1873001	1875000	2000	0	0
1875	1874001	1876000	2000	0	0
1876	1875001	1877000	2000	0	0
1877	1876001	1878000	2000	0	0
1878	1877001	1879000	2000	0	0
1879	1878001	1880000	2000	0	0
1880	1879001	1881000	2000	0	0
1881	1880001	1882000	2000	0	0
1882	1881001	1883000	2000	0	0
1883	1882001	1884000	2000	0	0
1884	1883001	1885000	2000	0	0
1885	1884001	1886000	2000	0	0
1886	1885001	1887000	2000	0	0
1887	1886001	1888000	2000	0	0
1888	1887001	1889000	2000	0	0
1889	1888001	1890000	2000	0	0
1890	1889001	1891000	2000	0	0
1891	1890001	1892000	2000	0	0
1892	1891001	1893000	2000	0	0
1893	1892001	1894000	2000	0	0
1894	1893001	1895000	2000	0	0
1895	1894001	1896000	2000	0	0
1896	1895001	1897000	2000	0	0
1897	1896001	1898000	2000	0	0
1898	1897001	1899000	2000	0	0
1899	1898001	1900000	2000	0	0
1900	1899001	1901000	2000	0	0
1901	1900001	1902000	2000	0	0
1902	1901001	1903000	2000	0	0
1903	1902001	1904000	2000	0	0
1904	1903001	1905000	2000	0	0
1905	1904001	1906000	2000	0	0
1906	1905001	1907000	2000	0	0
1907	1906001	1908000	2000	0	0
1908	1907001	1909000	2000	0	0
1909	1908001	1910000	2000	0	0
1910	1909001	1911000	2000	0	0
1911	1910001	1912000	2000	0	0
1912	1911001	1913000	2000	0	0
1913	1912001	1914000	2000	0	0
1914	1913001	1915000	2000	0	0
1915	1914001	1916000	2000	0	0
1916	1915001	1917000	2000	0	0
1917	1916001	1918000	2000	1	1
1918	1917001	1919000	2000	1	1
1919	1918001	1920000	2000	0	0
1920	1919001	1921000	2000	0	0
1921	1920001	1922000	2000	0	0
1922	1921001	1923000	2000	0	0
1923	1922001	1924000	2000	0	0
1924	1923001	1925000	2000	3	3.16666666666667
1925	1924001	1926000	2000	6	7.33333333333333
1926	1925001	1927000	2000	10	4.85
1927	1926001	1928000	2000	12	2.375
1928	1927001	1929000	2000	14	2.82142857142857
1929	1928001	1930000	2000	11	2.45454545454545
1930	1929001	1931000	2000	5	2.8
1931	1930001	1932000	2000	8	4.5
1932	1931001	1933000	2000	9	4.61111111111111
1933	1932001	1934000	2000	9	6.55555555555556
1934	1933001	1935000	2000	10	5.6
1935	1934001	1936000	2000	9	3.05555555555556
1936	1935001	1937000	2000	6	2.16666666666667
1937	1936001	1938000	2000	1	1.5
1938	1937001	1939000	2000	1	3
1939	1938001	1940000	2000	1	8
1940	1939001	1941000	2000	2	3.75
1941	1940001	1942000	2000	2	1.25
1942	1941001	1943000	2000	2	6
1943	1942001	1944000	2000	2	7.75
1944	1943001	1945000	2000	1	6
1945	1944001	1946000	2000	1	1.5
1946	1945001	1947000	2000	1	2.5
1947	1946001	1948000	2000	1	2.5
1948	1947001	1949000	2000	0	0
1949	1948001	1950000	2000	1	0.5
1950	1949001	1951000	2000	1	3
1951	1950001	1952000	2000	1	5
1952	1951001	1953000	2000	1	2.5
1953	1952001	1954000	2000	0	0
1954	1953001	1955000	2000	0	0
1955	1954001	1956000	2000	0	0
1956	1955001	1957000	2000	0	0
1957	1956001	1958000	2000	1	1
1958	1957001	1959000	2000	1	1
1959	1958001	1960000	2000	1	3.5
1960	1959001	1961000	2000	5	1.7
1961	1960001	1962000	2000	6	1.5
1962	1961001	1963000	2000	8	2.5
1963	1962001	1964000	2000	7	2.28571428571429
1964	1963001	1965000	2000	0	0
1965	1964001	1966000	2000	1	1
1966	1965001	1967000	2000	2	0.75
1967	1966001	1968000	2000	1	1
1968	1967001	1969000	2000	1	0.5
1969	1968001	1970000	2000	0	0
1970	1969001	1971000	2000	0	0
1971	1970001	1972000	2000	0	0
1972	1971001	1973000	2000	0	0
1973	1972001	1974000	2000	0	0
1974	1973001	1975000	2000	0	0
1975	1974001	1976000	2000	0	0
1976	1975001	1977000	2000	0	0
1977	1976001	1978000	2000	0	0
1978	1977001	1979000	2000	0	0
1979	1978001	1980000	2000	0	0
1980	1979001	1981000	2000	0	0
1981	1980001	1982000	2000	0	0
1982	1981001	1983000	2000	0	0
1983	1982001	1984000	2000	0	0
1984	1983001	1985000	2000	0	0
1985	1984001	1986000	2000	0	0
1986	1985001	1987000	2000	0	0
1987	1986001	1988000	2000	0	0
1988	1987001	1989000	2000	0	0
1989	1988001	1990000	2000	0	0
1990	1989001	1991000	2000	0	0
1991	1990001	1992000	2000	0	0
1992	1991001	1993000	2000	0	0
1993	1992001	1994000	2000	1	1
1994	1993001	1995000	2000	1	1
1995	1994001	1996000	2000	0	0
1996	1995001	1997000	2000	0	0
1997	1996001	1998000	2000	0	0
1998	1997001	1999000	2000	0	0
1999	1998001	2e+06	2000	0	0
2000	1999001	2001000	2000	0	0
2001	2000001	2002000	2000	0	0
2002	2001001	2003000	2000	0	0
2003	2002001	2004000	2000	0	0
2004	2003001	2005000	2000	0	0
2005	2004001	2006000	2000	0	0
2006	2005001	2007000	2000	0	0
2007	2006001	2008000	2000	0	0
2008	2007001	2009000	2000	1	1
2009	2008001	2010000	2000	2	1
2010	2009001	2011000	2000	2	1
2011	2010001	2012000	2000	1	1
2012	2011001	2013000	2000	0	0
2013	2012001	2014000	2000	0	0
2014	2013001	2015000	2000	0	0
2015	2014001	2016000	2000	0	0
2016	2015001	2017000	2000	0	0
2017	2016001	2018000	2000	0	0
2018	2017001	2019000	2000	0	0
2019	2018001	2020000	2000	0	0
2020	2019001	2021000	2000	0	0
2021	2020001	2022000	2000	0	0
2022	2021001	2023000	2000	0	0
2023	2022001	2024000	2000	0	0
2024	2023001	2025000	2000	0	0
2025	2024001	2026000	2000	0	0
2026	2025001	2027000	2000	0	0
2027	2026001	2028000	2000	0	0
2028	2027001	2029000	2000	0	0
2029	2028001	2030000	2000	0	0
2030	2029001	2031000	2000	0	0
2031	2030001	2032000	2000	0	0
2032	2031001	2033000	2000	2	1.75
2033	2032001	2034000	2000	2	2.5
2034	2033001	2035000	2000	2	0.75
2035	2034001	2036000	2000	0	0
2036	2035001	2037000	2000	13	0.846153846153846
2037	2036001	2038000	2000	16	1.78125
2038	2037001	2039000	2000	17	1.32352941176471
2039	2038001	2040000	2000	9	1.88888888888889
2040	2039001	2041000	2000	8	2
2041	2040001	2042000	2000	6	1.66666666666667
2042	2041001	2043000	2000	2	4.75
2043	2042001	2044000	2000	4	3.625
2044	2043001	2045000	2000	4	2.75
2045	2044001	2046000	2000	7	1.57142857142857
2046	2045001	2047000	2000	14	2.28571428571429
2047	2046001	2048000	2000	11	1.90909090909091
2048	2047001	2049000	2000	0	0
2049	2048001	2050000	2000	0	0
2050	2049001	2051000	2000	0	0
2051	2050001	2052000	2000	0	0
2052	2051001	2053000	2000	0	0
2053	2052001	2054000	2000	0	0
2054	2053001	2055000	2000	1	0.5
2055	2054001	2056000	2000	1	1.5
2056	2055001	2057000	2000	1	1
2057	2056001	2058000	2000	0	0
2058	2057001	2059000	2000	0	0
2059	2058001	2060000	2000	1	1
2060	2059001	2061000	2000	3	2
2061	2060001	2062000	2000	2	2.5
2062	2061001	2063000	2000	0	0
2063	2062001	2064000	2000	13	2.15384615384615
2064	2063001	2065000	2000	14	2.21428571428571
2065	2064001	2066000	2000	3	1
2066	2065001	2067000	2000	0	0
2067	2066001	2068000	2000	2	1.5
2068	2067001	2069000	2000	7	1.28571428571429
2069	2068001	2070000	2000	6	1.41666666666667
2070	2069001	2071000	2000	4	0.875
2071	2070001	2072000	2000	1	1
2072	2071001	2073000	2000	0	0
2073	2072001	2074000	2000	2	1.5
2074	2073001	2075000	2000	3	1.5
2075	2074001	2076000	2000	2	0.75
2076	2075001	2077000	2000	0	0
2077	2076001	2078000	2000	0	0
2078	2077001	2079000	2000	0	0
2079	2078001	2080000	2000	0	0
2080	2079001	2081000	2000	0	0
2081	2080001	2082000	2000	0	0
2082	2081001	2083000	2000	0	0
2083	2082001	2084000	2000	0	0
2084	2083001	2085000	2000	0	0
2085	2084001	2086000	2000	3	5.83333333333333
2086	2085001	2087000	2000	3	6
2087	2086001	2088000	2000	1	0.5
2088	2087001	2089000	2000	0	0
2089	2088001	2090000	2000	0	0
2090	2089001	2091000	2000	0	0
2091	2090001	2092000	2000	0	0
2092	2091001	2093000	2000	0	0
2093	2092001	2094000	2000	0	0
2094	2093001	2095000	2000	0	0
2095	2094001	2096000	2000	0	0
2096	2095001	2097000	2000	0	0
2097	2096001	2098000	2000	0	0
2098	2097001	2099000	2000	0	0
2099	2098001	2100000	2000	0	0
2100	2099001	2101000	2000	0	0
2101	2100001	2102000	2000	0	0
2102	2101001	2103000	2000	0	0
2103	2102001	2104000	2000	0	0
2104	2103001	2105000	2000	0	0
2105	2104001	2106000	2000	0	0
2106	2105001	2107000	2000	0	0
2107	2106001	2108000	2000	0	0
2108	2107001	2109000	2000	0	0
2109	2108001	2110000	2000	0	0
2110	2109001	2111000	2000	0	0
2111	2110001	2112000	2000	0	0
2112	2111001	2113000	2000	0	0
2113	2112001	2114000	2000	0	0
2114	2113001	2115000	2000	0	0
2115	2114001	2116000	2000	0	0
2116	2115001	2117000	2000	0	0
2117	2116001	2118000	2000	0	0
2118	2117001	2119000	2000	0	0
2119	2118001	2120000	2000	0	0
2120	2119001	2121000	2000	0	0
2121	2120001	2122000	2000	0	0
2122	2121001	2123000	2000	0	0
2123	2122001	2124000	2000	0	0
2124	2123001	2125000	2000	0	0
2125	2124001	2126000	2000	0	0
2126	2125001	2127000	2000	0	0
2127	2126001	2128000	2000	0	0
2128	2127001	2129000	2000	0	0
2129	2128001	2130000	2000	0	0
2130	2129001	2131000	2000	0	0
2131	2130001	2132000	2000	0	0
2132	2131001	2133000	2000	0	0
2133	2132001	2134000	2000	0	0
2134	2133001	2135000	2000	0	0
2135	2134001	2136000	2000	0	0
2136	2135001	2137000	2000	0	0
2137	2136001	2138000	2000	0	0
2138	2137001	2139000	2000	0	0
2139	2138001	2140000	2000	0	0
2140	2139001	2141000	2000	0	0
2141	2140001	2142000	2000	0	0
2142	2141001	2143000	2000	0	0
2143	2142001	2144000	2000	0	0
2144	2143001	2145000	2000	0	0
2145	2144001	2146000	2000	0	0
2146	2145001	2147000	2000	0	0
2147	2146001	2148000	2000	0	0
2148	2147001	2149000	2000	0	0
2149	2148001	2150000	2000	0	0
2150	2149001	2151000	2000	0	0
2151	2150001	2152000	2000	0	0
2152	2151001	2153000	2000	0	0
2153	2152001	2154000	2000	0	0
2154	2153001	2155000	2000	0	0
2155	2154001	2156000	2000	0	0
2156	2155001	2157000	2000	0	0
2157	2156001	2158000	2000	0	0
2158	2157001	2159000	2000	1	1
2159	2158001	2160000	2000	1	1
2160	2159001	2161000	2000	0	0
2161	2160001	2162000	2000	0	0
2162	2161001	2163000	2000	0	0
2163	2162001	2164000	2000	0	0
2164	2163001	2165000	2000	0	0
2165	2164001	2166000	2000	1	1
2166	2165001	2167000	2000	1	1
2167	2166001	2168000	2000	0	0
2168	2167001	2169000	2000	0	0
2169	2168001	2170000	2000	0	0
2170	2169001	2171000	2000	0	0
2171	2170001	2172000	2000	0	0
2172	2171001	2173000	2000	0	0
2173	2172001	2174000	2000	0	0
2174	2173001	2175000	2000	0	0
2175	2174001	2176000	2000	0	0
2176	2175001	2177000	2000	0	0
2177	2176001	2178000	2000	0	0
2178	2177001	2179000	2000	0	0
2179	2178001	2180000	2000	0	0
2180	2179001	2181000	2000	0	0
2181	2180001	2182000	2000	0	0
2182	2181001	2183000	2000	1	1
2183	2182001	2184000	2000	1	1
2184	2183001	2185000	2000	0	0
2185	2184001	2186000	2000	0	0
2186	2185001	2187000	2000	0	0
2187	2186001	2188000	2000	0	0
2188	2187001	2189000	2000	0	0
2189	2188001	2190000	2000	0	0
2190	2189001	2191000	2000	1	1.5
2191	2190001	2192000	2000	1	1.5
2192	2191001	2193000	2000	0	0
2193	2192001	2194000	2000	0	0
2194	2193001	2195000	2000	0	0
2195	2194001	2196000	2000	0	0
2196	2195001	2197000	2000	0	0
2197	2196001	2198000	2000	0	0
2198	2197001	2199000	2000	0	0
2199	2198001	2200000	2000	0	0
2200	2199001	2201000	2000	0	0
2201	2200001	2202000	2000	0	0
2202	2201001	2203000	2000	0	0
2203	2202001	2204000	2000	0	0
2204	2203001	2205000	2000	0	0
2205	2204001	2206000	2000	0	0
2206	2205001	2207000	2000	0	0
2207	2206001	2208000	2000	0	0
2208	2207001	2209000	2000	0	0
2209	2208001	2210000	2000	0	0
2210	2209001	2211000	2000	0	0
2211	2210001	2212000	2000	0	0
2212	2211001	2213000	2000	0	0
2213	2212001	2214000	2000	0	0
2214	2213001	2215000	2000	0	0
2215	2214001	2216000	2000	0	0
2216	2215001	2217000	2000	1	1
2217	2216001	2218000	2000	1	1
2218	2217001	2219000	2000	0	0
2219	2218001	2220000	2000	1	0.5
2220	2219001	2221000	2000	1	1
2221	2220001	2222000	2000	1	0.5
2222	2221001	2223000	2000	0	0
2223	2222001	2224000	2000	1	1
2224	2223001	2225000	2000	1	1
2225	2224001	2226000	2000	0	0
2226	2225001	2227000	2000	0	0
2227	2226001	2228000	2000	0	0
2228	2227001	2229000	2000	0	0
2229	2228001	2230000	2000	1	1.5
2230	2229001	2231000	2000	1	1.5
2231	2230001	2232000	2000	0	0
2232	2231001	2233000	2000	0	0
2233	2232001	2234000	2000	0	0
2234	2233001	2235000	2000	1	1
2235	2234001	2236000	2000	1	1
2236	2235001	2237000	2000	0	0
2237	2236001	2238000	2000	0	0
2238	2237001	2239000	2000	0	0
2239	2238001	2240000	2000	0	0
2240	2239001	2241000	2000	0	0
2241	2240001	2242000	2000	0	0
2242	2241001	2243000	2000	0	0
2243	2242001	2244000	2000	0	0
2244	2243001	2245000	2000	0	0
2245	2244001	2246000	2000	2	1.25
2246	2245001	2247000	2000	2	1.25
2247	2246001	2248000	2000	0	0
2248	2247001	2249000	2000	0	0
2249	2248001	2250000	2000	0	0
2250	2249001	2251000	2000	0	0
2251	2250001	2252000	2000	0	0
2252	2251001	2253000	2000	1	1
2253	2252001	2254000	2000	1	1
2254	2253001	2255000	2000	0	0
2255	2254001	2256000	2000	1	1
2256	2255001	2257000	2000	1	1
2257	2256001	2258000	2000	0	0
2258	2257001	2259000	2000	0	0
2259	2258001	2260000	2000	0	0
2260	2259001	2261000	2000	0	0
2261	2260001	2262000	2000	0	0
2262	2261001	2263000	2000	0	0
2263	2262001	2264000	2000	0	0
2264	2263001	2265000	2000	0	0
2265	2264001	2266000	2000	0	0
2266	2265001	2267000	2000	0	0
2267	2266001	2268000	2000	0	0
2268	2267001	2269000	2000	0	0
2269	2268001	2270000	2000	0	0
2270	2269001	2271000	2000	0	0
2271	2270001	2272000	2000	0	0
2272	2271001	2273000	2000	0	0
2273	2272001	2274000	2000	0	0
2274	2273001	2275000	2000	0	0
2275	2274001	2276000	2000	0	0
2276	2275001	2277000	2000	0	0
2277	2276001	2278000	2000	0	0
2278	2277001	2279000	2000	0	0
2279	2278001	2280000	2000	0	0
2280	2279001	2281000	2000	0	0
2281	2280001	2282000	2000	0	0
2282	2281001	2283000	2000	0	0
2283	2282001	2284000	2000	0	0
2284	2283001	2285000	2000	0	0
2285	2284001	2286000	2000	0	0
2286	2285001	2287000	2000	0	0
2287	2286001	2288000	2000	0	0
2288	2287001	2289000	2000	0	0
2289	2288001	2290000	2000	0	0
2290	2289001	2291000	2000	0	0
2291	2290001	2292000	2000	0	0
2292	2291001	2293000	2000	0	0
2293	2292001	2294000	2000	0	0
2294	2293001	2295000	2000	0	0
2295	2294001	2296000	2000	0	0
2296	2295001	2297000	2000	0	0
2297	2296001	2298000	2000	0	0
2298	2297001	2299000	2000	0	0
2299	2298001	2300000	2000	0	0
2300	2299001	2301000	2000	0	0
2301	2300001	2302000	2000	0	0
2302	2301001	2303000	2000	0	0
2303	2302001	2304000	2000	1	1
2304	2303001	2305000	2000	1	1
2305	2304001	2306000	2000	0	0
2306	2305001	2307000	2000	0	0
2307	2306001	2308000	2000	0	0
2308	2307001	2309000	2000	0	0
2309	2308001	2310000	2000	0	0
2310	2309001	2311000	2000	1	1
2311	2310001	2312000	2000	1	1
2312	2311001	2313000	2000	0	0
2313	2312001	2314000	2000	0	0
2314	2313001	2315000	2000	0	0
2315	2314001	2316000	2000	1	1
2316	2315001	2317000	2000	1	1
2317	2316001	2318000	2000	1	1
2318	2317001	2319000	2000	1	1
2319	2318001	2320000	2000	0	0
2320	2319001	2321000	2000	1	1
2321	2320001	2322000	2000	1	1
2322	2321001	2323000	2000	0	0
2323	2322001	2324000	2000	0	0
2324	2323001	2325000	2000	0	0
2325	2324001	2326000	2000	0	0
2326	2325001	2327000	2000	0	0
2327	2326001	2328000	2000	0	0
2328	2327001	2329000	2000	0	0
2329	2328001	2330000	2000	0	0
2330	2329001	2331000	2000	0	0
2331	2330001	2332000	2000	0	0
2332	2331001	2333000	2000	0	0
2333	2332001	2334000	2000	0	0
2334	2333001	2335000	2000	0	0
2335	2334001	2336000	2000	0	0
2336	2335001	2337000	2000	0	0
2337	2336001	2338000	2000	0	0
2338	2337001	2339000	2000	0	0
2339	2338001	2340000	2000	0	0
2340	2339001	2341000	2000	0	0
2341	2340001	2342000	2000	0	0
2342	2341001	2343000	2000	1	1
2343	2342001	2344000	2000	1	1
2344	2343001	2345000	2000	0	0
2345	2344001	2346000	2000	0	0
2346	2345001	2347000	2000	0	0
2347	2346001	2348000	2000	0	0
2348	2347001	2349000	2000	0	0
2349	2348001	2350000	2000	0	0
2350	2349001	2351000	2000	0	0
2351	2350001	2352000	2000	0	0
2352	2351001	2353000	2000	0	0
2353	2352001	2354000	2000	0	0
2354	2353001	2355000	2000	0	0
2355	2354001	2356000	2000	0	0
2356	2355001	2357000	2000	0	0
2357	2356001	2358000	2000	0	0
2358	2357001	2359000	2000	0	0
2359	2358001	2360000	2000	0	0
2360	2359001	2361000	2000	0	0
2361	2360001	2362000	2000	0	0
2362	2361001	2363000	2000	0	0
2363	2362001	2364000	2000	0	0
2364	2363001	2365000	2000	0	0
2365	2364001	2366000	2000	0	0
2366	2365001	2367000	2000	0	0
2367	2366001	2368000	2000	0	0
2368	2367001	2369000	2000	0	0
2369	2368001	2370000	2000	0	0
2370	2369001	2371000	2000	0	0
2371	2370001	2372000	2000	0	0
2372	2371001	2373000	2000	0	0
2373	2372001	2374000	2000	0	0
2374	2373001	2375000	2000	0	0
2375	2374001	2376000	2000	0	0
2376	2375001	2377000	2000	0	0
2377	2376001	2378000	2000	0	0
2378	2377001	2379000	2000	0	0
2379	2378001	2380000	2000	0	0
2380	2379001	2381000	2000	0	0
2381	2380001	2382000	2000	1	0.5
2382	2381001	2383000	2000	1	1
2383	2382001	2384000	2000	1	0.5
2384	2383001	2385000	2000	0	0
2385	2384001	2386000	2000	0	0
2386	2385001	2387000	2000	0	0
2387	2386001	2388000	2000	0	0
2388	2387001	2389000	2000	0	0
2389	2388001	2390000	2000	0	0
2390	2389001	2391000	2000	0	0
2391	2390001	2392000	2000	0	0
2392	2391001	2393000	2000	0	0
2393	2392001	2394000	2000	0	0
2394	2393001	2395000	2000	0	0
2395	2394001	2396000	2000	0	0
2396	2395001	2397000	2000	0	0
2397	2396001	2398000	2000	0	0
2398	2397001	2399000	2000	0	0
2399	2398001	2400000	2000	0	0
2400	2399001	2401000	2000	0	0
2401	2400001	2402000	2000	0	0
2402	2401001	2403000	2000	0	0
2403	2402001	2404000	2000	0	0
2404	2403001	2405000	2000	0	0
2405	2404001	2406000	2000	0	0
2406	2405001	2407000	2000	0	0
2407	2406001	2408000	2000	0	0
2408	2407001	2409000	2000	0	0
2409	2408001	2410000	2000	0	0
2410	2409001	2411000	2000	0	0
2411	2410001	2412000	2000	0	0
2412	2411001	2413000	2000	0	0
2413	2412001	2414000	2000	0	0
2414	2413001	2415000	2000	0	0
2415	2414001	2416000	2000	0	0
2416	2415001	2417000	2000	0	0
2417	2416001	2418000	2000	0	0
2418	2417001	2419000	2000	0	0
2419	2418001	2420000	2000	1	0.5
2420	2419001	2421000	2000	1	1
2421	2420001	2422000	2000	1	0.5
2422	2421001	2423000	2000	0	0
2423	2422001	2424000	2000	0	0
2424	2423001	2425000	2000	0	0
2425	2424001	2426000	2000	0	0
2426	2425001	2427000	2000	0	0
2427	2426001	2428000	2000	0	0
2428	2427001	2429000	2000	0	0
2429	2428001	2430000	2000	0	0
2430	2429001	2431000	2000	0	0
2431	2430001	2432000	2000	0	0
2432	2431001	2433000	2000	0	0
2433	2432001	2434000	2000	0	0
2434	2433001	2435000	2000	0	0
2435	2434001	2436000	2000	0	0
2436	2435001	2437000	2000	0	0
2437	2436001	2438000	2000	0	0
2438	2437001	2439000	2000	0	0
2439	2438001	2440000	2000	0	0
2440	2439001	2441000	2000	0	0
2441	2440001	2442000	2000	0	0
2442	2441001	2443000	2000	0	0
2443	2442001	2444000	2000	0	0
2444	2443001	2445000	2000	0	0
2445	2444001	2446000	2000	0	0
2446	2445001	2447000	2000	0	0
2447	2446001	2448000	2000	1	0.5
2448	2447001	2449000	2000	1	1
2449	2448001	2450000	2000	1	0.5
2450	2449001	2451000	2000	0	0
2451	2450001	2452000	2000	0	0
2452	2451001	2453000	2000	0	0
2453	2452001	2454000	2000	0	0
2454	2453001	2455000	2000	0	0
2455	2454001	2456000	2000	0	0
2456	2455001	2457000	2000	0	0
2457	2456001	2458000	2000	0	0
2458	2457001	2459000	2000	0	0
2459	2458001	2460000	2000	0	0
2460	2459001	2461000	2000	0	0
2461	2460001	2462000	2000	0	0
2462	2461001	2463000	2000	0	0
2463	2462001	2464000	2000	0	0
2464	2463001	2465000	2000	0	0
2465	2464001	2466000	2000	0	0
2466	2465001	2467000	2000	0	0
2467	2466001	2468000	2000	1	0.5
2468	2467001	2469000	2000	1	1
2469	2468001	2470000	2000	1	0.5
2470	2469001	2471000	2000	0	0
2471	2470001	2472000	2000	0	0
2472	2471001	2473000	2000	0	0
2473	2472001	2474000	2000	0	0
2474	2473001	2475000	2000	0	0
2475	2474001	2476000	2000	0	0
2476	2475001	2477000	2000	0	0
2477	2476001	2478000	2000	0	0
2478	2477001	2479000	2000	0	0
2479	2478001	2480000	2000	0	0
2480	2479001	2481000	2000	0	0
2481	2480001	2482000	2000	0	0
2482	2481001	2483000	2000	0	0
2483	2482001	2484000	2000	0	0
2484	2483001	2485000	2000	0	0
2485	2484001	2486000	2000	0	0
2486	2485001	2487000	2000	0	0
2487	2486001	2488000	2000	0	0
2488	2487001	2489000	2000	0	0
2489	2488001	2490000	2000	0	0
2490	2489001	2491000	2000	0	0
2491	2490001	2492000	2000	0	0
2492	2491001	2493000	2000	0	0
2493	2492001	2494000	2000	0	0
2494	2493001	2495000	2000	0	0
2495	2494001	2496000	2000	0	0
2496	2495001	2497000	2000	0	0
2497	2496001	2498000	2000	0	0
2498	2497001	2499000	2000	0	0
2499	2498001	2500000	2000	0	0
2500	2499001	2501000	2000	0	0
2501	2500001	2502000	2000	0	0
2502	2501001	2503000	2000	0	0
2503	2502001	2504000	2000	0	0
2504	2503001	2505000	2000	0	0
2505	2504001	2506000	2000	0	0
2506	2505001	2507000	2000	0	0
2507	2506001	2508000	2000	0	0
2508	2507001	2509000	2000	0	0
2509	2508001	2510000	2000	0	0
2510	2509001	2511000	2000	0	0
2511	2510001	2512000	2000	0	0
2512	2511001	2513000	2000	0	0
2513	2512001	2514000	2000	0	0
2514	2513001	2515000	2000	0	0
2515	2514001	2516000	2000	0	0
2516	2515001	2517000	2000	0	0
2517	2516001	2518000	2000	0	0
2518	2517001	2519000	2000	0	0
2519	2518001	2520000	2000	1	1
2520	2519001	2521000	2000	1	1
2521	2520001	2522000	2000	0	0
2522	2521001	2523000	2000	0	0
2523	2522001	2524000	2000	0	0
2524	2523001	2525000	2000	0	0
2525	2524001	2526000	2000	0	0
2526	2525001	2527000	2000	0	0
2527	2526001	2528000	2000	0	0
2528	2527001	2529000	2000	0	0
2529	2528001	2530000	2000	0	0
2530	2529001	2531000	2000	0	0
2531	2530001	2532000	2000	0	0
2532	2531001	2533000	2000	0	0
2533	2532001	2534000	2000	0	0
2534	2533001	2535000	2000	0	0
2535	2534001	2536000	2000	0	0
2536	2535001	2537000	2000	0	0
2537	2536001	2538000	2000	0	0
2538	2537001	2539000	2000	0	0
2539	2538001	2540000	2000	0	0
2540	2539001	2541000	2000	0	0
2541	2540001	2542000	2000	0	0
2542	2541001	2543000	2000	0	0
2543	2542001	2544000	2000	0	0
2544	2543001	2545000	2000	0	0
2545	2544001	2546000	2000	1	1.5
2546	2545001	2547000	2000	1	1.5
2547	2546001	2548000	2000	0	0
2548	2547001	2549000	2000	0	0
2549	2548001	2550000	2000	0	0
2550	2549001	2551000	2000	0	0
2551	2550001	2552000	2000	0	0
2552	2551001	2553000	2000	0	0
2553	2552001	2554000	2000	0	0
2554	2553001	2555000	2000	0	0
2555	2554001	2556000	2000	0	0
2556	2555001	2557000	2000	0	0
2557	2556001	2558000	2000	0	0
2558	2557001	2559000	2000	0	0
2559	2558001	2560000	2000	0	0
2560	2559001	2561000	2000	0	0
2561	2560001	2562000	2000	0	0
2562	2561001	2563000	2000	0	0
2563	2562001	2564000	2000	0	0
2564	2563001	2565000	2000	0	0
2565	2564001	2566000	2000	0	0
2566	2565001	2567000	2000	0	0
2567	2566001	2568000	2000	0	0
2568	2567001	2569000	2000	0	0
2569	2568001	2570000	2000	0	0
2570	2569001	2571000	2000	0	0
2571	2570001	2572000	2000	0	0
2572	2571001	2573000	2000	0	0
2573	2572001	2574000	2000	0	0
2574	2573001	2575000	2000	0	0
2575	2574001	2576000	2000	0	0
2576	2575001	2577000	2000	0	0
2577	2576001	2578000	2000	1	1
2578	2577001	2579000	2000	1	1
2579	2578001	2580000	2000	0	0
2580	2579001	2581000	2000	0	0
2581	2580001	2582000	2000	0	0
2582	2581001	2583000	2000	0	0
2583	2582001	2584000	2000	0	0
2584	2583001	2585000	2000	1	1
2585	2584001	2586000	2000	1	1
2586	2585001	2587000	2000	0	0
2587	2586001	2588000	2000	0	0
2588	2587001	2589000	2000	0	0
2589	2588001	2590000	2000	0	0
2590	2589001	2591000	2000	0	0
2591	2590001	2592000	2000	0	0
2592	2591001	2593000	2000	0	0
2593	2592001	2594000	2000	0	0
2594	2593001	2595000	2000	0	0
2595	2594001	2596000	2000	0	0
2596	2595001	2597000	2000	0	0
2597	2596001	2598000	2000	0	0
2598	2597001	2599000	2000	0	0
2599	2598001	2600000	2000	0	0
2600	2599001	2601000	2000	0	0
2601	2600001	2602000	2000	0	0
2602	2601001	2603000	2000	0	0
2603	2602001	2604000	2000	0	0
2604	2603001	2605000	2000	1	1
2605	2604001	2606000	2000	1	1
2606	2605001	2607000	2000	0	0
2607	2606001	2608000	2000	0	0
2608	2607001	2609000	2000	0	0
2609	2608001	2610000	2000	0	0
2610	2609001	2611000	2000	0	0
2611	2610001	2612000	2000	0	0
2612	2611001	2613000	2000	0	0
2613	2612001	2614000	2000	0	0
2614	2613001	2615000	2000	0	0
2615	2614001	2616000	2000	0	0
2616	2615001	2617000	2000	0	0
2617	2616001	2618000	2000	0	0
2618	2617001	2619000	2000	0	0
2619	2618001	2620000	2000	0	0
2620	2619001	2621000	2000	0	0
2621	2620001	2622000	2000	0	0
2622	2621001	2623000	2000	0	0
2623	2622001	2624000	2000	0	0
2624	2623001	2625000	2000	0	0
2625	2624001	2626000	2000	0	0
2626	2625001	2627000	2000	0	0
2627	2626001	2628000	2000	0	0
2628	2627001	2629000	2000	0	0
2629	2628001	2630000	2000	0	0
2630	2629001	2631000	2000	0	0
2631	2630001	2632000	2000	0	0
2632	2631001	2633000	2000	0	0
2633	2632001	2634000	2000	0	0
2634	2633001	2635000	2000	0	0
2635	2634001	2636000	2000	0	0
2636	2635001	2637000	2000	0	0
2637	2636001	2638000	2000	0	0
2638	2637001	2639000	2000	0	0
2639	2638001	2640000	2000	2	1
2640	2639001	2641000	2000	2	2.25
2641	2640001	2642000	2000	1	2.5
2642	2641001	2643000	2000	0	0
2643	2642001	2644000	2000	0	0
2644	2643001	2645000	2000	0	0
2645	2644001	2646000	2000	0	0
2646	2645001	2647000	2000	0	0
2647	2646001	2648000	2000	0	0
2648	2647001	2649000	2000	0	0
2649	2648001	2650000	2000	0	0
2650	2649001	2651000	2000	1	1
2651	2650001	2652000	2000	1	1
2652	2651001	2653000	2000	0	0
2653	2652001	2654000	2000	0	0
2654	2653001	2655000	2000	0	0
2655	2654001	2656000	2000	0	0
2656	2655001	2657000	2000	0	0
2657	2656001	2658000	2000	0	0
2658	2657001	2659000	2000	0	0
2659	2658001	2660000	2000	1	1
2660	2659001	2661000	2000	1	1
2661	2660001	2662000	2000	0	0
2662	2661001	2663000	2000	0	0
2663	2662001	2664000	2000	0	0
2664	2663001	2665000	2000	0	0
2665	2664001	2666000	2000	0	0
2666	2665001	2667000	2000	0	0
2667	2666001	2668000	2000	0	0
2668	2667001	2669000	2000	0	0
2669	2668001	2670000	2000	0	0
2670	2669001	2671000	2000	0	0
2671	2670001	2672000	2000	0	0
2672	2671001	2673000	2000	0	0
2673	2672001	2674000	2000	0	0
2674	2673001	2675000	2000	0	0
2675	2674001	2676000	2000	0	0
2676	2675001	2677000	2000	0	0
2677	2676001	2678000	2000	0	0
2678	2677001	2679000	2000	0	0
2679	2678001	2680000	2000	0	0
2680	2679001	2681000	2000	0	0
2681	2680001	2682000	2000	0	0
2682	2681001	2683000	2000	0	0
2683	2682001	2684000	2000	0	0
2684	2683001	2685000	2000	0	0
2685	2684001	2686000	2000	0	0
2686	2685001	2687000	2000	0	0
2687	2686001	2688000	2000	0	0
2688	2687001	2689000	2000	0	0
2689	2688001	2690000	2000	0	0
2690	2689001	2691000	2000	0	0
2691	2690001	2692000	2000	0	0
2692	2691001	2693000	2000	0	0
2693	2692001	2694000	2000	0	0
2694	2693001	2695000	2000	0	0
2695	2694001	2696000	2000	0	0
2696	2695001	2697000	2000	0	0
2697	2696001	2698000	2000	0	0
2698	2697001	2699000	2000	0	0
2699	2698001	2700000	2000	0	0
2700	2699001	2701000	2000	0	0
2701	2700001	2702000	2000	0	0
2702	2701001	2703000	2000	0	0
2703	2702001	2704000	2000	0	0
2704	2703001	2705000	2000	0	0
2705	2704001	2706000	2000	2	1
2706	2705001	2707000	2000	2	1
2707	2706001	2708000	2000	0	0
2708	2707001	2709000	2000	0	0
2709	2708001	2710000	2000	0	0
2710	2709001	2711000	2000	0	0
2711	2710001	2712000	2000	0	0
2712	2711001	2713000	2000	0	0
2713	2712001	2714000	2000	0	0
2714	2713001	2715000	2000	0	0
2715	2714001	2716000	2000	0	0
2716	2715001	2717000	2000	0	0
2717	2716001	2718000	2000	0	0
2718	2717001	2719000	2000	0	0
2719	2718001	2720000	2000	0	0
2720	2719001	2721000	2000	0	0
2721	2720001	2722000	2000	0	0
2722	2721001	2723000	2000	0	0
2723	2722001	2724000	2000	0	0
2724	2723001	2725000	2000	0	0
2725	2724001	2726000	2000	0	0
2726	2725001	2727000	2000	0	0
2727	2726001	2728000	2000	0	0
2728	2727001	2729000	2000	0	0
2729	2728001	2730000	2000	0	0
2730	2729001	2731000	2000	0	0
2731	2730001	2732000	2000	0	0
2732	2731001	2733000	2000	0	0
2733	2732001	2734000	2000	0	0
2734	2733001	2735000	2000	0	0
2735	2734001	2736000	2000	0	0
2736	2735001	2737000	2000	0	0
2737	2736001	2738000	2000	0	0
2738	2737001	2739000	2000	0	0
2739	2738001	2740000	2000	0	0
2740	2739001	2741000	2000	0	0
2741	2740001	2742000	2000	0	0
2742	2741001	2743000	2000	0	0
2743	2742001	2744000	2000	0	0
2744	2743001	2745000	2000	0	0
2745	2744001	2746000	2000	0	0
2746	2745001	2747000	2000	0	0
2747	2746001	2748000	2000	0	0
2748	2747001	2749000	2000	0	0
2749	2748001	2750000	2000	0	0
2750	2749001	2751000	2000	0	0
2751	2750001	2752000	2000	0	0
2752	2751001	2753000	2000	0	0
2753	2752001	2754000	2000	1	1
2754	2753001	2755000	2000	1	1
2755	2754001	2756000	2000	0	0
2756	2755001	2757000	2000	0	0
2757	2756001	2758000	2000	0	0
2758	2757001	2759000	2000	0	0
2759	2758001	2760000	2000	0	0
2760	2759001	2761000	2000	0	0
2761	2760001	2762000	2000	0	0
2762	2761001	2763000	2000	0	0
2763	2762001	2764000	2000	0	0
2764	2763001	2765000	2000	0	0
2765	2764001	2766000	2000	0	0
2766	2765001	2767000	2000	0	0
2767	2766001	2768000	2000	0	0
2768	2767001	2769000	2000	0	0
2769	2768001	2770000	2000	0	0
2770	2769001	2771000	2000	0	0
2771	2770001	2772000	2000	0	0
2772	2771001	2773000	2000	0	0
2773	2772001	2774000	2000	0	0
2774	2773001	2775000	2000	0	0
2775	2774001	2776000	2000	0	0
2776	2775001	2777000	2000	0	0
2777	2776001	2778000	2000	0	0
2778	2777001	2779000	2000	0	0
2779	2778001	2780000	2000	0	0
2780	2779001	2781000	2000	0	0
2781	2780001	2782000	2000	0	0
2782	2781001	2783000	2000	0	0
2783	2782001	2784000	2000	0	0
2784	2783001	2785000	2000	0	0
2785	2784001	2786000	2000	1	1
2786	2785001	2787000	2000	1	1
2787	2786001	2788000	2000	1	1
2788	2787001	2789000	2000	1	1
2789	2788001	2790000	2000	0	0
2790	2789001	2791000	2000	0	0
2791	2790001	2792000	2000	0	0
2792	2791001	2793000	2000	0	0
2793	2792001	2794000	2000	0	0
2794	2793001	2795000	2000	0	0
2795	2794001	2796000	2000	0	0
2796	2795001	2797000	2000	0	0
2797	2796001	2798000	2000	0	0
2798	2797001	2799000	2000	0	0
2799	2798001	2800000	2000	0	0
2800	2799001	2801000	2000	0	0
2801	2800001	2802000	2000	0	0
2802	2801001	2803000	2000	0	0
2803	2802001	2804000	2000	0	0
2804	2803001	2805000	2000	0	0
2805	2804001	2806000	2000	0	0
2806	2805001	2807000	2000	0	0
2807	2806001	2808000	2000	0	0
2808	2807001	2809000	2000	0	0
2809	2808001	2810000	2000	0	0
2810	2809001	2811000	2000	1	1.5
2811	2810001	2812000	2000	1	1.5
2812	2811001	2813000	2000	0	0
2813	2812001	2814000	2000	1	1
2814	2813001	2815000	2000	1	1
2815	2814001	2816000	2000	0	0
2816	2815001	2817000	2000	0	0
2817	2816001	2818000	2000	0	0
2818	2817001	2819000	2000	0	0
2819	2818001	2820000	2000	0	0
2820	2819001	2821000	2000	0	0
2821	2820001	2822000	2000	0	0
2822	2821001	2823000	2000	0	0
